VegSP, index,distribution,life.form,frequency,Habitat,זיקה לפלישה,invader,red,protected,endemic
אגבה ב.מ,1,אמריקה,רב שנתי,??,,,1,0,0, 
אגורה מדברית,2,אירנו-טורני,עשב רב שנתי,נפוץ,ערבות-שיחים,"בעיקר בבתי-גידול טבעיים , אך גם בקרבת האדם",0,0,0, 
אוכם מצרי,3,סהרו-ערבי,עשב רב שנתי,נדיר מאוד,"מדבר, קרקעות מלוחות","בעיקר בבתי-גידול טבעיים , אך גם בקרבת האדם",0,0,0, 
אורן ירושלים,4,ים-תיכוני,עץ,לא נמצא בנגב הצפוני,חורש ויער ים-תיכוני,"בעיקר בבתי-גידול טבעיים , אך גם בקרבת האדם",0,0,1, 
אזדרכת מצויה,5,אין נתון,עץ,לא נמצא בנגב הצפוני,בתי-גידול מופרעים-מופרים,גדל רק בבתי-גידול שנוצרו או עוצבו על ידי האדם,1,0,0, 
אזוב מצוי,6,ים-תיכוני,בן שיח,נדיר מאוד,"בתות, חורש ויער ים-תיכוני, מחשופים של סלעים קשים",גדל בבתי-גידול טבעיים בלבד,0,0,1, 
אזנב מצוי,7,ים-תיכוני - אירנו-טורני,חד שנתי,מצוי,בתות,"בערך חצי בבתי-גידול טבעיים , וחצי בקרבת האדם",0,0,0, 
אטד ערבי,8,סהרו-ערבי - סודני,שיח,לא נמצא בנגב הצפוני,"מדבר, תרמופיליים (צמחים אוהבי-חום)",גדל בבתי-גידול טבעיים בלבד,0,0,0, 
אינדיה נטויה,9,אוסטרלי,בן שיח,נדיר  ,בתי-גידול מופרעים-מופרים,גדל רק בבתי-גידול שנוצרו או עוצבו על ידי האדם,1,0,0, 
איקליפטוס המקור,10,אוסטרלי,עץ,לא נמצא בנגב הצפוני,"בתי גידול לחים, בתי-גידול מופרעים-מופרים","בעיקר בקרבת האדם, אך גם בבתי-גידול טבעיים",1,0,0, 
אירוס ארץ-ישראלי,11,ים-תיכוני,גיאופיט,נדיר מאוד,בתות,גדל בבתי-גידול טבעיים בלבד,0,0,1,"ישראל, סוריה ולבנון"
אירוס שחום,12,אירנו-טורני,גיאופיט,נדיר,בתות,גדל בבתי-גידול טבעיים בלבד,0,1,1,ישראל
אכילאה ערבתית,13,אירנו-טורני,עשב רב שנתי,נפוץ,ערבות-שיחים,"בעיקר בקרבת האדם, אך גם בבתי-גידול טבעיים",0,0,0, 
אכילאה ריחנית,14,אירנו-טורני - סהרו-ערבי,עשב רב שנתי,מצוי,ערבות-שיחים,גדל בבתי-גידול טבעיים בלבד,0,0,0, 
אלה אטלנטית,15,אירנו-טורני,עץ,לא נמצא בנגב הצפוני,"חורש ויער ים-תיכוני, מחשופים של סלעים קשים","בעיקר בבתי-גידול טבעיים , אך גם בקרבת האדם",0,0,1, 
אלית המפרק,16,ים-תיכוני,חד שנתי,לא נמצא בנגב הצפוני,חולות,גדל בבתי-גידול טבעיים בלבד,0,0,0, 
אלמוות הכסף,17,ים-תיכוני,עשב רב שנתי,מצוי,בתות,"בעיקר בבתי-גידול טבעיים , אך גם בקרבת האדם",0,0,0, 
אלמוות ערבי,18,סהרו-ערבי,עשב רב שנתי,נדיר מאוד,חולות,גדל בבתי-גידול טבעיים בלבד,0,0,0, 
אלניה נאה,19,אירנו-טורני,חד שנתי,מצוי,"בתי-גידול מופרעים-מופרים, ערבות-שיחים","בעיקר בקרבת האדם, אך גם בבתי-גידול טבעיים",0,0,0, 
אלקנה סמורה,20,ים-תיכוני,בן שיח,מצוי,בתות,גדל בבתי-גידול טבעיים בלבד,0,0,0,ישראל וטורקיה
אלת המסטיק,21,ים-תיכוני,שיח,לא נמצא בנגב הצפוני,חורש ויער ים-תיכוני,"בעיקר בבתי-גידול טבעיים , אך גם בקרבת האדם",0,0,0, 
אמיך קוצני,22,ים-תיכוני,חד שנתי,נפוץ,"חולות, מדבר, ערבות-שיחים","בעיקר בבתי-גידול טבעיים , אך גם בקרבת האדם",0,0,0, 
אמיתה גדולה,23,ים-תיכוני,חד שנתי,נפוץ,"בתי-גידול מופרעים-מופרים, שטחים מעובדים (עשבים רעים)","בעיקר בקרבת האדם, אך גם בבתי-גידול טבעיים",0,0,0, 
אספסת הכתרים,24,ים-תיכוני,חד שנתי,נדיר מאוד,בתות,גדל בבתי-גידול טבעיים בלבד,0,0,0, 
אספסת זעירה,25,אירו-סיבירי - ים-תיכוני - אירנו-טורני,עשב רב שנתי,לא נמצא בנגב הצפוני,"בתי-גידול מופרעים-מופרים, חורש ויער ים-תיכוני","בערך חצי בבתי-גידול טבעיים , וחצי בקרבת האדם",0,0,0, 
אספסת מפוצלת,26,סהרו-ערבי,חד שנתי,מצוי,"מדבר, ערבות-שיחים",גדל בבתי-גידול טבעיים בלבד,0,0,0, 
אספסת מצויה,27,אירו-סיבירי - ים-תיכוני - אירנו-טורני,חד שנתי,מצוי,בתות,"בעיקר בבתי-גידול טבעיים , אך גם בקרבת האדם",0,0,0, 
אספסת קטועה,28,ים-תיכוני,חד שנתי,נדיר,בתות,"בעיקר בבתי-גידול טבעיים , אך גם בקרבת האדם",0,0,0, 
אספסת קטנה,29,ים-תיכוני - אירו-סיבירי,חד שנתי,לא נמצא בנגב הצפוני,בתות,גדל בבתי-גידול טבעיים בלבד,0,0,0, 
אספסת תרבותית,30,אירו-סיבירי - ים-תיכוני - אירנו-טורני,עשב רב שנתי,לא נמצא בנגב הצפוני,בתות,גדל רק בבתי-גידול שנוצרו או עוצבו על ידי האדם,0,0,0, 
אספרג ארוך-עלים,31,ים-תיכוני - סהרו-ערבי,גיאופיט,נדיר,"חולות, מחשופים של סלעים קשים",גדל בבתי-גידול טבעיים בלבד,0,0,0, 
אסתר מרצעני,32,אמריקני,דו שנתי,מצוי,"בתי-גידול מופרעים-מופרים, שטחים מעובדים (עשבים רעים)",גדל רק בבתי-גידול שנוצרו או עוצבו על ידי האדם,1,0,0, 
אפון מצוי,33,ים-תיכוני,חד שנתי,נדיר מאוד,בתות,גדל בבתי-גידול טבעיים בלבד,0,0,0, 
אפזרית דו-אבקנית,34,ים-תיכוני - אירנו-טורני - סהרו-ערבי,חד שנתי,מצוי,"מדבר, ערבות-שיחים, קרקעות מלוחות, קרקעות עשירות בנוטריינטים, רודרליים","בערך חצי בבתי-גידול טבעיים , וחצי בקרבת האדם",0,0,0, 
ארבע-כנפות מצויות,35,ים-תיכוני,חד שנתי,נדיר מאוד,בתות,"בעיקר בבתי-גידול טבעיים , אך גם בקרבת האדם",0,0,0, 
ארכובית הכתמים,36,ים-תיכוני - אירו-סיבירי,עשב רב שנתי,נדיר מאוד,בתי גידול לחים,"בעיקר בבתי-גידול טבעיים , אך גם בקרבת האדם",0,0,0, 
ארכובית הציפורים,37,רב-אזורי - טרופי,חד שנתי,מצוי,בתי-גידול מופרעים-מופרים,"בעיקר בקרבת האדם, אך גם בבתי-גידול טבעיים",0,0,0, 
ארכובית צפופה,38,אירנו-טורני,חד שנתי,נדיר מאוד,בתי-גידול מופרעים-מופרים,גדל רק בבתי-גידול שנוצרו או עוצבו על ידי האדם,0,0,0, 
ארכובית שבטבטית,39,ים-תיכוני - אירנו-טורני,עשב רב שנתי,נפוץ,בתי גידול לחים,"בעיקר בקרבת האדם, אך גם בבתי-גידול טבעיים",0,0,0, 
ארנבית זיפנית,40,סהרו-ערבי - סודני,חד שנתי,לא נמצא בנגב הצפוני,"מדבר, תרמופיליים (צמחים אוהבי-חום)",גדל בבתי-גידול טבעיים בלבד,0,1,0, 
ארנבית שרועה,41,אירנו-טורני - סהרו-ערבי,חד שנתי,מצוי,"מדבר, ערבות-שיחים",גדל בבתי-גידול טבעיים בלבד,0,0,0, 
אשחר רחב-עלים,42,ים-תיכוני,עץ,לא נמצא בנגב הצפוני,חורש ויער ים-תיכוני,"בעיקר בבתי-גידול טבעיים , אך גם בקרבת האדם",0,0,1, 
אשל היאור,43,סהרו-ערבי,עץ,מצוי,"מדבר, קרקעות מלוחות","בעיקר בבתי-גידול טבעיים , אך גם בקרבת האדם",0,0,1, 
אשל הפרקים,44,סודני,עץ,נדיר מאוד,"מדבר, תרמופיליים (צמחים אוהבי-חום)",גדל בבתי-גידול טבעיים בלבד,0,0,1, 
אשליל שעיר,45,אירנו-טורני - סהרו-ערבי,בן שיח,מצוי,"מדבר, ערבות-שיחים, קרקעות מלוחות",גדל בבתי-גידול טבעיים בלבד,0,0,0, 
בבונג זהוב,46,ים-תיכוני - אירנו-טורני,חד שנתי,מצוי,"קרקעות עשירות בנוטריינטים, רודרליים","בערך חצי בבתי-גידול טבעיים , וחצי בקרבת האדם",0,0,1, 
בוצין מפורץ,47,ים-תיכוני - אירנו-טורני,עשב רב שנתי,מצוי,בתות,"בעיקר בבתי-גידול טבעיים , אך גם בקרבת האדם",0,0,0, 
בוצין שיחני,48,אירנו-טורני,בן שיח,נפוץ,בתות,גדל בבתי-גידול טבעיים בלבד,0,0,0, 
בטנונית שעירה,49,אירנו-טורני - סהרו-ערבי,גיאופיט,נפוץ,"מדבר, ערבות-שיחים",גדל בבתי-גידול טבעיים בלבד,0,0,0, 
בן-חיטה אריכא,50,ים-תיכוני,חד שנתי,מצוי,חולות,גדל בבתי-גידול טבעיים בלבד,0,0,0, 
בן-חיטה ביצני,51,ים-תיכוני,חד שנתי,לא נמצא בנגב הצפוני,בתות,גדל בבתי-גידול טבעיים בלבד,0,0,0, 
בן-חיטה מדברי,52,אירנו-טורני - סהרו-ערבי,חד שנתי,נפוץ,"מדבר, ערבות-שיחים",גדל בבתי-גידול טבעיים בלבד,0,0,0, 
בן-חיטה רב-אנפין,53,ים-תיכוני,חד שנתי,מצוי,בתות,גדל בבתי-גידול טבעיים בלבד,0,0,0, 
בן-חילף נמוך,54,ים-תיכוני - סהרו-ערבי,חד שנתי,נדיר מאוד,שטחים מעובדים (עשבים רעים),גדל רק בבתי-גידול שנוצרו או עוצבו על ידי האדם,0,0,0, 
בן-חצב מדברי,55,אירנו-טורני,גיאופיט,מצוי,"מדבר, ערבות-שיחים",גדל בבתי-גידול טבעיים בלבד,0,0,0, 
בן-חצב סתווני,56,ים-תיכוני,גיאופיט,נדיר מאוד,בתות,גדל בבתי-גידול טבעיים בלבד,0,0,0, 
בן-סירה מיובל,57,ים-תיכוני,עשב רב שנתי,לא נמצא בנגב הצפוני,בתות,"בעיקר בבתי-גידול טבעיים , אך גם בקרבת האדם",0,0,0, 
בן-פרג סגול,58,ים-תיכוני - אירנו-טורני,חד שנתי,מצוי,"מדבר, ערבות-שיחים",גדל בבתי-גידול טבעיים בלבד,0,0,0, 
בן-קוצן מאפיר,59,ים-תיכוני - אירנו-טורני,חד שנתי,נדיר,בתי-גידול מופרעים-מופרים,גדל רק בבתי-גידול שנוצרו או עוצבו על ידי האדם,0,0,0, 
בן-שלח מנוצה,60,סהרו-ערבי,חד שנתי,נפוץ,"מדבר, ערבות-שיחים","בעיקר בבתי-גידול טבעיים , אך גם בקרבת האדם",0,0,0, 
בן-שעורה מצוי,61,ים-תיכוני - אירנו-טורני,חד שנתי,מצוי,"בתות, מדבר, ערבות-שיחים",גדל בבתי-גידול טבעיים בלבד,0,0,0, 
בקיה ארץ-ישראלית,62,ים-תיכוני,חד שנתי,נדיר מאוד,בתות,"בעיקר בבתי-גידול טבעיים , אך גם בקרבת האדם",0,0,0, 
בקיה מדורבנת,63,ים-תיכוני - אירנו-טורני,חד שנתי,מצוי,ערבות-שיחים,"בעיקר בבתי-גידול טבעיים , אך גם בקרבת האדם",0,0,0, 
בקיה מצויה,64,ים-תיכוני - אירנו-טורני,חד שנתי,נפוץ,בתות,"בעיקר בבתי-גידול טבעיים , אך גם בקרבת האדם",0,0,0, 
בקיה צרפתית,65,ים-תיכוני,חד שנתי,נפוץ,"מדבר, ערבות-שיחים",גדל בבתי-גידול טבעיים בלבד,0,0,0, 
בקיה תרבותית,66,ים-תיכוני,חד שנתי,מצוי,"בתות, ערבות-שיחים","בעיקר בבתי-גידול טבעיים , אך גם בקרבת האדם",0,0,0, 
בר-דורבן צהוב,67,סהרו-ערבי,חד שנתי,מצוי,חולות,גדל בבתי-גידול טבעיים בלבד,0,0,0, 
ברומית אדמונית,68,ים-תיכוני - אירנו-טורני - סהרו-ערבי,חד שנתי,מצוי,בתות,גדל בבתי-גידול טבעיים בלבד,0,0,0, 
ברומית אזמלנית,69,ים-תיכוני - אירנו-טורני,חד שנתי,מצוי,בתות,גדל בבתי-גידול טבעיים בלבד,0,0,0, 
ברומית המטאטא,70,ים-תיכוני - אירנו-טורני,חד שנתי,מצוי,בתות,גדל בבתי-גידול טבעיים בלבד,0,0,0, 
ברומית יפנית,71,אירו-סיבירי - ים-תיכוני - אירנו-טורני,חד שנתי,נדיר,בתות,גדל בבתי-גידול טבעיים בלבד,0,0,0, 
ברומית מאוגדת,72,ים-תיכוני,חד שנתי,נפוץ,"בתות, מדבר, ערבות-שיחים",גדל בבתי-גידול טבעיים בלבד,0,0,0, 
ברומית ספרדית,73,ים-תיכוני - אירנו-טורני,חד שנתי,נדיר מאוד,בתות,גדל בבתי-גידול טבעיים בלבד,0,0,0, 
ברוש מצוי,74,ים-תיכוני,עץ,לא נמצא בנגב הצפוני,מחשופים של סלעים קשים,"בעיקר בבתי-גידול טבעיים , אך גם בקרבת האדם",0,1,0, 
ברזילון ענף,75,ים-תיכוני,עשב רב שנתי,נדיר מאוד,בתות,גדל בבתי-גידול טבעיים בלבד,0,0,0, 
ברקן סורי,76,ים-תיכוני,חד שנתי,מצוי,"בתות, בתי-גידול מופרעים-מופרים","בעיקר בקרבת האדם, אך גם בבתי-גידול טבעיים",0,0,0, 
בת-יבלית מצרית,77,טרופי,חד שנתי,נדיר,שטחים מעובדים (עשבים רעים),גדל בבתי-גידול טבעיים בלבד,0,0,0, 
גבסנית ערבית,78,אירנו-טורני,בן שיח,נפוץ,"בתות, מדבר, ערבות-שיחים",גדל בבתי-גידול טבעיים בלבד,0,0,0, 
גבסנית שעירה,79,אירנו-טורני,חד שנתי,מצוי,ערבות-שיחים,גדל בבתי-גידול טבעיים בלבד,0,0,0, 
גדילן מצוי,80,ים-תיכוני - אירנו-טורני,חד שנתי,מצוי,"קרקעות עשירות בנוטריינטים, רודרליים","בעיקר בקרבת האדם, אך גם בבתי-גידול טבעיים",0,0,0, 
גומא הפקעים,81,סובטרופי -טרופי,גיאופיט,נדיר,בתי-גידול מופרעים-מופרים,גדל רק בבתי-גידול שנוצרו או עוצבו על ידי האדם,0,0,0, 
גומא תרבותי,82,ים-תיכוני,גיאופיט,לא נמצא בנגב הצפוני,"בתי גידול לחים, בתי-גידול מופרעים-מופרים","בעיקר בקרבת האדם, אך גם בבתי-גידול טבעיים",1,0,0, 
גזר יושב,83,ים-תיכוני - אירנו-טורני,חד שנתי,מצוי,בתות,גדל בבתי-גידול טבעיים בלבד,0,0,0, 
גלונית הסלעים,84,ים-תיכוני,בן שיח,לא נמצא בנגב הצפוני,מחשופים של סלעים קשים,גדל בבתי-גידול טבעיים בלבד,0,0,0, 
גלונית מצויה,85,ים-תיכוני,בן שיח,מצוי,"בתות, מחשופים של סלעים קשים",גדל בבתי-גידול טבעיים בלבד,0,0,0, 
געדה מצויה,86,ים-תיכוני - אירנו-טורני,בן שיח,נפוץ,בתות,גדל בבתי-גידול טבעיים בלבד,0,0,0, 
גרגרנית כוכבנית,87,סהרו-ערבי,חד שנתי,נפוץ,"מדבר, ערבות-שיחים",גדל בבתי-גידול טבעיים בלבד,0,0,0, 
גרגרנית ערבית,88,סהרו-ערבי,חד שנתי,נפוץ,"מדבר, ערבות-שיחים","בעיקר בבתי-גידול טבעיים , אך גם בקרבת האדם",0,0,0, 
גרניון עגול,89,אירו-סיבירי - ים-תיכוני - אירנו-טורני,חד שנתי,לא נמצא בנגב הצפוני,בתות,גדל בבתי-גידול טבעיים בלבד,0,0,0, 
גרניון רך,90,ים-תיכוני - אירו-סיבירי,חד שנתי,לא נמצא בנגב הצפוני,בתות,גדל בבתי-גידול טבעיים בלבד,0,0,0, 
דבקה דקיקה,91,אירנו-טורני,חד שנתי,נדיר מאוד,בתות,גדל בבתי-גידול טבעיים בלבד,0,0,0, 
דבקה זיפנית,92,אירו-סיבירי - ים-תיכוני - אירנו-טורני,חד שנתי,לא נמצא בנגב הצפוני,חורש ויער ים-תיכוני,"בעיקר בבתי-גידול טבעיים , אך גם בקרבת האדם",0,0,0, 
דבשה מחורצת,93,ים-תיכוני,חד שנתי,נדיר מאוד,בתות,גדל בבתי-גידול טבעיים בלבד,0,0,0, 
דגנה הודית,94,סובטרופי -טרופי,חד שנתי,נדיר,"בתי-גידול מופרעים-מופרים, שטחים מעובדים (עשבים רעים)",גדל רק בבתי-גידול שנוצרו או עוצבו על ידי האדם,0,0,0, 
דגנין מצוי,96,ים-תיכוני - אירנו-טורני,חד שנתי,נדיר,בתות,גדל בבתי-גידול טבעיים בלבד,0,0,0, 
דו-שן שעיר,97,אירו-סיבירי - ים-תיכוני - סהרו-ערבי,חד שנתי,נדיר,בתי-גידול מופרעים-מופרים,גדל רק בבתי-גידול שנוצרו או עוצבו על ידי האדם,1,0,0, 
דודוניאה דביקה,98,אין נתון,שיח,לא נמצא בנגב הצפוני,"בתי-גידול מופרעים-מופרים, ערבות-שיחים",גדל רק בבתי-גידול שנוצרו או עוצבו על ידי האדם,1,0,0, 
דורבנית סגולה,99,ים-תיכוני - אירנו-טורני,חד שנתי,נדיר מאוד,"בתות, ערבות-שיחים",גדל בבתי-גידול טבעיים בלבד,0,0,0, 
דורית רפה,100,סהרו-ערבי,חד שנתי,נדיר,"מדבר, ערבות-שיחים, קרקעות מלוחות, קרקעות עשירות בנוטריינטים, רודרליים","בעיקר בבתי-גידול טבעיים , אך גם בקרבת האדם",0,0,0, 
דחנית השלחין,101,סובטרופי -טרופי,חד שנתי,מצוי,שטחים מעובדים (עשבים רעים),גדל רק בבתי-גידול שנוצרו או עוצבו על ידי האדם,0,0,0, 
דמומית משוננת,102,אירנו-טורני - סהרו-ערבי,חד שנתי,נפוץ,"מדבר, ערבות-שיחים",גדל בבתי-גידול טבעיים בלבד,0,0,0, 
דמומית קטנת-פרי,103,ים-תיכוני,חד שנתי,מצוי,בתות,גדל בבתי-גידול טבעיים בלבד,0,0,0, 
דק-זנב קשתני,104,ים-תיכוני - אירנו-טורני,חד שנתי,מצוי,בתי גידול לחים,גדל בבתי-גידול טבעיים בלבד,0,0,0, 
דרדית מצויה,105,ים-תיכוני - אירנו-טורני,חד שנתי,נדיר,בתות,גדל בבתי-גידול טבעיים בלבד,0,0,0, 
דרדר החרחבינה,106,אירנו-טורני,עשב רב שנתי,נדיר,מחשופים של סלעים קשים,גדל בבתי-גידול טבעיים בלבד,0,0,0, 
דרדר המדבר,107,סהרו-ערבי,חד שנתי,מצוי,"מדבר, ערבות-שיחים","בעיקר בבתי-גידול טבעיים , אך גם בקרבת האדם",0,0,0, 
דרדר מצרי,108,סהרו-ערבי,בן שיח,נפוץ,ערבות-שיחים,גדל בבתי-גידול טבעיים בלבד,0,0,0, 
דרדר קרומי,109,ים-תיכוני - אירנו-טורני,חד שנתי,נפוץ,"בתות, ערבות-שיחים","בערך חצי בבתי-גידול טבעיים , וחצי בקרבת האדם",0,0,0, 
דרכמונית מצרית,110,ים-תיכוני - אירנו-טורני,חד שנתי,מצוי,"מדבר, ערבות-שיחים","בעיקר בבתי-גידול טבעיים , אך גם בקרבת האדם",0,0,0, 
דרכנית מקופחת,111,סהרו-ערבי,עשב רב שנתי,נפוץ,"מדבר, ערבות-שיחים, קרקעות מלוחות",גדל בבתי-גידול טבעיים בלבד,0,0,0, 
דרכנית שעירה,112,אירו-סיבירי - ים-תיכוני - אירנו-טורני,חד שנתי,נפוץ,"מדבר, ערבות-שיחים","בעיקר בבתי-גידול טבעיים , אך גם בקרבת האדם",0,0,0, 
הגה מצויה,113,ים-תיכוני - אירנו-טורני,עשב רב שנתי,מצוי,"בתי-גידול מופרעים-מופרים, קרקעות מלוחות","בעיקר בקרבת האדם, אך גם בבתי-גידול טבעיים",0,0,0, 
הרדוף הנחלים,114,ים-תיכוני,שיח,לא נמצא בנגב הצפוני,בתי גידול לחים,גדל בבתי-גידול טבעיים בלבד,0,0,0, 
הרדופנין הציצית,115,אירנו-טורני,עשב רב שנתי,מצוי,בתות,גדל בבתי-גידול טבעיים בלבד,0,0,0, 
הרדופנין יהודה,116,אירנו-טורני,עשב רב שנתי,מצוי,"מדבר, ערבות-שיחים",גדל בבתי-גידול טבעיים בלבד,0,0,0, 
ויתניה משכרת,117,ים-תיכוני - אירנו-טורני,בן שיח,מצוי,"קרקעות עשירות בנוטריינטים, רודרליים",גדל רק בבתי-גידול שנוצרו או עוצבו על ידי האדם,1,0,0, 
ולריינית משולחפת,118,ים-תיכוני - אירנו-טורני,חד שנתי,נדיר,בתות,גדל בבתי-גידול טבעיים בלבד,0,0,0, 
ורוניקה מבריקה,119,ים-תיכוני הררי,חד שנתי,לא נמצא בנגב הצפוני,"בתות, בתי-גידול מופרעים-מופרים",גדל בבתי-גידול טבעיים בלבד,0,0,0, 
ושינגטוניה ב.מ.,120,אמריקה,עץ,??,,שטחים מופרים,1,0,0, 
זהבית דקת-עלים,121,אירנו-טורני,גיאופיט,מצוי,"מדבר, ערבות-שיחים",גדל בבתי-גידול טבעיים בלבד,0,0,0, 
זהבית השלוחות,122,אירנו-טורני,גיאופיט,לא נמצא בנגב הצפוני,בתות,גדל בבתי-גידול טבעיים בלבד,0,0,0, 
זוגן השיח,123,סהרו-ערבי,בן שיח,נדיר מאוד,"מדבר, ערבות-שיחים",גדל בבתי-גידול טבעיים בלבד,0,0,0,ישראל וסיני
זוטה מעורקת,124,ים-תיכוני,בן שיח,נדיר מאוד,מחשופים של סלעים קשים,גדל בבתי-גידול טבעיים בלבד,0,0,0, 
זון אשון,125,ים-תיכוני - אירנו-טורני,חד שנתי,נפוץ,"בתות, מדבר, ערבות-שיחים","בערך חצי בבתי-גידול טבעיים , וחצי בקרבת האדם",0,0,0, 
זיף-נוצה חבוי,126,טרופי,גיאופיט,לא נמצא בנגב הצפוני,בתי-גידול מופרעים-מופרים,גדל רק בבתי-גידול שנוצרו או עוצבו על ידי האדם,1,0,0, 
זיפן ב.מ.,127, רב-אזורי - טרופי,חד שנתי,מצוי,שטחים מעובדים (עשבים רעים),גדל רק בבתי-גידול שנוצרו או עוצבו על ידי האדם,0,0,0, 
זית אירופי,128,ים-תיכוני,עץ,לא נמצא בנגב הצפוני,חורש ויער ים-תיכוני,גדל בבתי-גידול טבעיים בלבד,0,0,0, 
זמזומית איג,129,סהרו-ערבי,גיאופיט,נפוץ,"מדבר, ערבות-שיחים","בעיקר בבתי-גידול טבעיים , אך גם בקרבת האדם",0,0,0,ישראל וסיני
זמזומית המדבר,130,אירנו-טורני - סהרו-ערבי,גיאופיט,מצוי,"מדבר, ערבות-שיחים",גדל בבתי-גידול טבעיים בלבד,0,0,0, 
זמזומית מצויה,131,ים-תיכוני,גיאופיט,נדיר,בתות,"בעיקר בבתי-גידול טבעיים , אך גם בקרבת האדם",0,0,0,"ישראל, סוריה ולבנון"
זנב-עקרב שיכני,132,ים-תיכוני,חד שנתי,מצוי,בתות,גדל בבתי-גידול טבעיים בלבד,0,0,0, 
זקן-סב מצוי,133,ים-תיכוני - אירנו-טורני,חד שנתי,נדיר,בתות,גדל בבתי-גידול טבעיים בלבד,0,0,0, 
זקן-תיש ארוך,134,ים-תיכוני - אירנו-טורני,עשב רב שנתי,נדיר,בתות,"בעיקר בבתי-גידול טבעיים , אך גם בקרבת האדם",0,0,0, 
זקנן שעיר,135,ים-תיכוני - אירנו-טורני - סהרו-ערבי,בן שיח,מצוי,"בתות, מחשופים של סלעים קשים","בערך חצי בבתי-גידול טבעיים , וחצי בקרבת האדם",0,0,0, 
חבלבל המשי,136,ים-תיכוני - אירנו-טורני,גיאופיט,מצוי,"בתי-גידול מופרעים-מופרים, שטחים מעובדים (עשבים רעים)","בעיקר בקרבת האדם, אך גם בבתי-גידול טבעיים",0,0,0, 
חבלבל השיח,137,ים-תיכוני,עשב רב שנתי,נדיר,בתות,גדל בבתי-גידול טבעיים בלבד,0,0,0, 
חבלבל זיתני,138,ים-תיכוני,בן שיח,מצוי,מחשופים של סלעים קשים,גדל בבתי-גידול טבעיים בלבד,0,0,0, 
חבלבל כפני,139,ים-תיכוני,גיאופיט,מצוי,בתות,"בערך חצי בבתי-גידול טבעיים , וחצי בקרבת האדם",0,0,0, 
חבלבל עדין,140,ים-תיכוני,חד שנתי,נדיר מאוד,בתות,גדל בבתי-גידול טבעיים בלבד,0,0,0, 
חגווית שעירה,141,ים-תיכוני,חד שנתי,נדיר,מחשופים של סלעים קשים,"בעיקר בבתי-גידול טבעיים , אך גם בקרבת האדם",0,0,0, 
חד-שפה מצוי,142,ים-תיכוני - אירנו-טורני,עשב רב שנתי,מצוי,בתות,גדל בבתי-גידול טבעיים בלבד,0,0,0, 
חד-שפה תמים,143,ים-תיכוני,בן שיח,מצוי,בתות,גדל בבתי-גידול טבעיים בלבד,0,0,0, 
חוחן אלכסנדרוני,144,אירנו-טורני - סהרו-ערבי,עשב רב שנתי,נפוץ,ערבות-שיחים,"בעיקר בבתי-גידול טבעיים , אך גם בקרבת האדם",0,0,0,ישראל וסיני
חולית מצרית,145,אירנו-טורני - סהרו-ערבי,חד שנתי,מצוי,חולות,גדל בבתי-גידול טבעיים בלבד,0,0,0, 
חומעה ורודה,146,אירנו-טורני - סהרו-ערבי,חד שנתי,נדיר,"מדבר, ערבות-שיחים",גדל בבתי-גידול טבעיים בלבד,0,0,0, 
חורשף השבכה,147,ים-תיכוני,חד שנתי,מצוי,בתות,גדל בבתי-גידול טבעיים בלבד,0,0,0, 
חורשף קטן-קרקפות,148,סהרו-ערבי,בן שיח,נפוץ,ערבות-שיחים,גדל בבתי-גידול טבעיים בלבד,0,0,0, 
חטמית עין-הפרה,149,ים-תיכוני,בן שיח,מצוי,בתות,גדל בבתי-גידול טבעיים בלבד,0,0,0, 
חיטה רכה,150,פליט תרבות,חד שנתי,לא נמצא בנגב הצפוני,בתי-גידול מופרעים-מופרים,גדל רק בבתי-גידול שנוצרו או עוצבו על ידי האדם,0,0,0, 
חייעד ספרדי,151,סהרו-ערבי,חד שנתי,נדיר,"מדבר, ערבות-שיחים",גדל בבתי-גידול טבעיים בלבד,0,0,0, 
חלבלוב זוחל,152, אמריקני,חד שנתי,נדיר מאוד,שטחים מעובדים (עשבים רעים),גדל רק בבתי-גידול שנוצרו או עוצבו על ידי האדם,0,0,0, 
חלבלוב מצוי,153,אירו-סיבירי - ים-תיכוני - אירנו-טורני,חד שנתי,נדיר,בתות,"בעיקר בקרבת האדם, אך גם בבתי-גידול טבעיים",0,0,0, 
חלבלוב נטוי,154,אמריקני,חד שנתי,לא נמצא בנגב הצפוני,שטחים מעובדים (עשבים רעים),גדל רק בבתי-גידול שנוצרו או עוצבו על ידי האדם,0,0,0, 
חלבלוב פושט,155,אמריקני,חד שנתי,נדיר מאוד,שטחים מעובדים (עשבים רעים),גדל רק בבתי-גידול שנוצרו או עוצבו על ידי האדם,1,0,0, 
חלבלוב פעוט,156,אירנו-טורני - סהרו-ערבי,חד שנתי,מצוי,"מדבר, ערבות-שיחים","בעיקר בבתי-גידול טבעיים , אך גם בקרבת האדם",0,0,0, 
חלבלוב שעיר,157,ים-תיכוני,עשב רב שנתי,לא נמצא בנגב הצפוני,בתי גידול לחים,גדל בבתי-גידול טבעיים בלבד,0,1,0, 
חלוקה ננסית,158,ים-תיכוני,חד שנתי,מצוי,בתות,גדל בבתי-גידול טבעיים בלבד,0,0,0, 
חלמית גדולה,159,ים-תיכוני - אירו-סיבירי,עשב רב שנתי,מצוי,"בתות, מדבר, ערבות-שיחים","בערך חצי בבתי-גידול טבעיים , וחצי בקרבת האדם",0,0,0, 
חלמית מצויה,160, ים-תיכוני - אירנו-טורני,חד שנתי,נדיר מאוד,"קרקעות עשירות בנוטריינטים, רודרליים",גדל רק בבתי-גידול שנוצרו או עוצבו על ידי האדם,0,0,0, 
חלמית מצרית,161,סהרו-ערבי,חד שנתי,נפוץ,"מדבר, ערבות-שיחים",גדל בבתי-גידול טבעיים בלבד,0,0,0, 
חלמית קטנת-פרחים,162,ים-תיכוני - אירנו-טורני,חד שנתי,נפוץ,"קרקעות עשירות בנוטריינטים, רודרליים","בעיקר בקרבת האדם, אך גם בבתי-גידול טבעיים",0,0,0, 
חמד המדבר,163,אירנו-טורני - סהרו-ערבי,בן שיח,מצוי,"חולות, ערבות-שיחים",גדל בבתי-גידול טבעיים בלבד,0,0,0, 
חמציץ נטוי,164,רב-אזורי - טרופי,גיאופיט,לא נמצא בנגב הצפוני,בתי-גידול מופרעים-מופרים,"בעיקר בקרבת האדם, אך גם בבתי-גידול טבעיים",1,0,0, 
חמציץ קטן,165,רב-אזורי - טרופי,חד שנתי,נדיר מאוד,שטחים מעובדים (עשבים רעים),גדל רק בבתי-גידול שנוצרו או עוצבו על ידי האדם,1,0,0, 
חסה מזרחית,166,אירנו-טורני,בן שיח,מצוי,"בתות, מדבר, ערבות-שיחים",גדל בבתי-גידול טבעיים בלבד,0,0,0, 
חספסת שרועה,167,אירו-סיבירי - ים-תיכוני - אירנו-טורני,חד שנתי,נדיר מאוד,"קרקעות עשירות בנוטריינטים, רודרליים","בעיקר בבתי-גידול טבעיים , אך גם בקרבת האדם",0,0,0, 
חסת המצפן,168,אירו-סיבירי - ים-תיכוני - אירנו-טורני,חד שנתי,מצוי,"בתי-גידול מופרעים-מופרים, קרקעות עשירות בנוטריינטים, רודרליים",גדל רק בבתי-גידול שנוצרו או עוצבו על ידי האדם,0,0,0, 
חפורית מוזרה,169,ים-תיכוני - אירנו-טורני,חד שנתי,מצוי,בתות,"בעיקר בקרבת האדם, אך גם בבתי-גידול טבעיים",0,0,0, 
חפורית קטנה,170, ים-תיכוני - אירנו-טורני,חד שנתי,נפוץ,"מדבר, ערבות-שיחים","בעיקר בבתי-גידול טבעיים , אך גם בקרבת האדם",0,0,0, 
חצב גלוני,171,סהרו-ערבי,גיאופיט,מצוי,ערבות-שיחים,גדל בבתי-גידול טבעיים בלבד,0,0,0, 
חצב מצוי,172,ים-תיכוני,גיאופיט,מצוי,בתות,גדל בבתי-גידול טבעיים בלבד,0,0,1, 
חרדל השדה,173,ים-תיכוני,חד שנתי,נדיר,בתות,"בערך חצי בבתי-גידול טבעיים , וחצי בקרבת האדם",0,0,0, 
חרדל לבן,174,אירו-סיבירי - ים-תיכוני - אירנו-טורני,חד שנתי,נדיר,"קרקעות עשירות בנוטריינטים, רודרליים","בערך חצי בבתי-גידול טבעיים , וחצי בקרבת האדם",0,0,0, 
חרוב מצוי,175,ים-תיכוני,עץ,נדיר מאוד,חורש ויער ים-תיכוני,"בעיקר בבתי-גידול טבעיים , אך גם בקרבת האדם",0,0,1, 
חרחבינה מגובבת,176,ים-תיכוני,עשב רב שנתי,נדיר,"בתות, בתות טרגקנטיות של הרים גבוהים, מחשופים של סלעים קשים",גדל בבתי-גידול טבעיים בלבד,0,0,0, 
חרחבינה מכחילה,177,ים-תיכוני,עשב רב שנתי,נפוץ,בתות,גדל בבתי-גידול טבעיים בלבד,0,0,0, 
חרצית עטורה,178,ים-תיכוני,חד שנתי,מצוי,"קרקעות עשירות בנוטריינטים, רודרליים","בערך חצי בבתי-גידול טבעיים , וחצי בקרבת האדם",0,0,0, 
טבק השיח,179,רב-אזורי - טרופי,עץ,מצוי,בתי-גידול מופרעים-מופרים,גדל רק בבתי-גידול שנוצרו או עוצבו על ידי האדם,1,0,0, 
טופח אדום,180,ים-תיכוני,חד שנתי,מצוי,"מדבר, ערבות-שיחים","בעיקר בבתי-גידול טבעיים , אך גם בקרבת האדם",0,0,0, 
טופח נאה,181,ים-תיכוני,חד שנתי,נדיר,בתות,גדל בבתי-גידול טבעיים בלבד,0,0,0, 
טוריים זיפניים,182,סהרו-ערבי,בן שיח,נדיר,"מדבר, ערבות-שיחים",גדל בבתי-גידול טבעיים בלבד,0,0,0, 
טוריים מצויים,183,ים-תיכוני,חד שנתי,מצוי,בתות,"בערך חצי בבתי-גידול טבעיים , וחצי בקרבת האדם",0,0,0, 
טרשנית שרועה,184,ים-תיכוני,חד שנתי,נדיר מאוד,בתות,"בעיקר בבתי-גידול טבעיים , אך גם בקרבת האדם",0,0,0, 
יבלית מצויה,185,רב-אזורי - טרופי,בן שיח,נפוץ,"בתות, מדבר, ערבות-שיחים","בערך חצי בבתי-גידול טבעיים , וחצי בקרבת האדם",0,0,0, 
ילקוט הרועים,186,רב-אזורי - טרופי,חד שנתי,נדיר,"בתות, בתי-גידול מופרעים-מופרים","בערך חצי בבתי-גידול טבעיים , וחצי בקרבת האדם",0,0,0, 
ינבוט אפיניס,187,אמריקה,עץ,??,נטע אדם,,1,0,0, 
ינבוט המסקיטו,188,אמריקה,עץ,??,נטע אדם,,1,0,0, 
ינבוט השדה,189,אירנו-טורני,בן שיח,מצוי,בתות,"בעיקר בקרבת האדם, אך גם בבתי-גידול טבעיים",0,0,0, 
יפרוק המדבר,190,סהרו-ערבי,בן שיח,מצוי,"מדבר, ערבות-שיחים",גדל בבתי-גידול טבעיים בלבד,0,0,0, 
יפרוק תלת-כנפי,191,אירנו-טורני,בן שיח,מצוי,ערבות-שיחים,"בעיקר בבתי-גידול טבעיים , אך גם בקרבת האדם",0,0,0, 
ירבוז מבריק,192,טרופי,חד שנתי,נדיר מאוד,"בתי-גידול מופרעים-מופרים, שטחים מעובדים (עשבים רעים)",גדל רק בבתי-גידול שנוצרו או עוצבו על ידי האדם,1,0,0, 
ישימונית דו-גונית,193,סהרו-ערבי,חד שנתי,נדיר,"מדבר, ערבות-שיחים",גדל בבתי-גידול טבעיים בלבד,0,0,0, 
ישימונית טוביפלורה,194,איים קנרים,חד שנתי,מצוי,??,,1,0,0, 
כוכב ננסי,195,סהרו-ערבי,חד שנתי,מצוי,מדבר,גדל בבתי-גידול טבעיים בלבד,0,0,0, 
כוכב ריחני,196,סהרו-ערבי,בן שיח,לא נמצא בנגב הצפוני,"מדבר, תרמופיליים (צמחים אוהבי-חום)",גדל בבתי-גידול טבעיים בלבד,0,0,0, 
כוכבית חיוורת,197, ים-תיכוני - אירו-סיבירי,חד שנתי,נדיר,"בתי גידול לחים, שטחים מעובדים (עשבים רעים)","בעיקר בקרבת האדם, אך גם בבתי-גידול טבעיים",0,0,0, 
כוכבן מצוי,198,ים-תיכוני - אירנו-טורני,חד שנתי,מצוי,בתות,גדל בבתי-גידול טבעיים בלבד,0,0,0, 
כחלית ההרים,199,אירנו-טורני,גיאופיט,מצוי,"בתות, בתות טרגקנטיות של הרים גבוהים, ערבות-שיחים","בעיקר בבתי-גידול טבעיים , אך גם בקרבת האדם",0,0,1, 
כליינית מצויה,200,ים-תיכוני,חד שנתי,נפוץ,בתות,"בעיקר בבתי-גידול טבעיים , אך גם בקרבת האדם",0,0,0, 
כלנית מצויה,201,ים-תיכוני,גיאופיט,מצוי,"בתות, ערבות-שיחים",גדל בבתי-גידול טבעיים בלבד,0,0,1, 
כמנון כרתי,202,ים-תיכוני,חד שנתי,נדיר,בתות,גדל בבתי-גידול טבעיים בלבד,0,0,0, 
כמנון ענף,203,אירנו-טורני,עשב רב שנתי,לא נמצא בנגב הצפוני,,גדל בבתי-גידול טבעיים בלבד,0,0,0, 
כנפון זהוב,204,אמריקני,חד שנתי,נדיר,בתי-גידול מופרעים-מופרים,גדל רק בבתי-גידול שנוצרו או עוצבו על ידי האדם,0,0,0, 
כנפן קוצני,205,סהרו-ערבי,חד שנתי,מצוי,"מדבר, ערבות-שיחים, קרקעות מלוחות",גדל בבתי-גידול טבעיים בלבד,0,0,0, 
כספסף חד-פרחי,206,סהרו-ערבי,בן שיח,מצוי,חולות,גדל בבתי-גידול טבעיים בלבד,0,0,0, 
כף-אווז האשפות,207,רב-אזורי - טרופי,חד שנתי,מצוי,"בתי-גידול מופרעים-מופרים, קרקעות עשירות בנוטריינטים, רודרליים",גדל רק בבתי-גידול שנוצרו או עוצבו על ידי האדם,0,0,0, 
כף-אווז לבנה,208,רב-אזורי - טרופי,חד שנתי,מצוי,בתי-גידול מופרעים-מופרים,גדל רק בבתי-גידול שנוצרו או עוצבו על ידי האדם,0,0,0, 
כפיות שעירות,209,סהרו-ערבי,חד שנתי,נפוץ,"מדבר, ערבות-שיחים",גדל בבתי-גידול טבעיים בלבד,0,0,0, 
כרבולת התרנגול,210,סהרו-ערבי,חד שנתי,נפוץ,"מדבר, ערבות-שיחים",גדל בבתי-גידול טבעיים בלבד,0,0,0, 
כרבולת מצויה,211,ים-תיכוני,חד שנתי,נדיר,בתות,"בעיקר בבתי-גידול טבעיים , אך גם בקרבת האדם",0,0,0, 
כשות השדות,212,אמריקני,חד שנתי,נדיר מאוד,בתי-גידול מופרעים-מופרים,גדל בבתי-גידול טבעיים בלבד,1,0,0, 
כתלה חריפה,213,ים-תיכוני,בן שיח,נדיר,מחשופים של סלעים קשים,גדל בבתי-גידול טבעיים בלבד,0,0,0, 
כתלית יהודה,214,ים-תיכוני - אירנו-טורני,עשב רב שנתי,נדיר מאוד,"סלעים מוצלים, קירות וחומות","בעיקר בקרבת האדם, אך גם בבתי-גידול טבעיים",0,0,0, 
לוטוס מצוי,215,ים-תיכוני,חד שנתי,נדיר מאוד,בתות,גדל בבתי-גידול טבעיים בלבד,0,0,0, 
לוטוס צר-עלים,216,אירו-סיבירי - ים-תיכוני - אירנו-טורני,עשב רב שנתי,נדיר מאוד,בתי גידול לחים,גדל בבתי-גידול טבעיים בלבד,0,0,0, 
לוטוס שעיר,217,ים-תיכוני,חד שנתי,נדיר,חולות,גדל בבתי-גידול טבעיים בלבד,0,0,0, 
לוטמית דביקה,218,ים-תיכוני,בן שיח,נדיר,בתות,גדל בבתי-גידול טבעיים בלבד,0,0,0, 
לוניאה שרועה,219,סהרו-ערבי,עשב רב שנתי,מצוי,"מדבר, תרמופיליים (צמחים אוהבי-חום)",גדל בבתי-גידול טבעיים בלבד,0,0,0, 
לועית קטנה,220,ים-תיכוני,חד שנתי,נדיר,בתות,"בעיקר בבתי-גידול טבעיים , אך גם בקרבת האדם",0,0,0, 
לוענית מפושקת,221,ים-תיכוני - אירנו-טורני,בן שיח,נדיר,בתות,גדל בבתי-גידול טבעיים בלבד,0,0,0, 
לוענית מצויה,222,ים-תיכוני - אירנו-טורני,בן שיח,מצוי,בתות,גדל בבתי-גידול טבעיים בלבד,0,0,0, 
לחך בלוטי,223,ים-תיכוני - אירנו-טורני,חד שנתי,מצוי,בתות,גדל בבתי-גידול טבעיים בלבד,0,0,0, 
לחך כרתי,224,ים-תיכוני,חד שנתי,מצוי,בתות,גדל בבתי-גידול טבעיים בלבד,0,0,0, 
לחך מלבין,225,ים-תיכוני - סהרו-ערבי,עשב רב שנתי,נפוץ,חולות,גדל בבתי-גידול טבעיים בלבד,0,0,0, 
לחך מצוי,226,ים-תיכוני,חד שנתי,מצוי,בתות,גדל בבתי-גידול טבעיים בלבד,0,0,0, 
לחך סגלגל,227,אירנו-טורני - סהרו-ערבי,חד שנתי,מצוי,"מדבר, ערבות-שיחים",גדל בבתי-גידול טבעיים בלבד,0,0,0, 
לחך פעוט,228,ים-תיכוני - אירנו-טורני,חד שנתי,נדיר מאוד,בתות,גדל בבתי-גידול טבעיים בלבד,0,0,0, 
לחך שסוע,229,אירו-סיבירי - ים-תיכוני - אירנו-טורני,חד שנתי,נפוץ,"מדבר, ערבות-שיחים",גדל בבתי-גידול טבעיים בלבד,0,0,0, 
לחן לביד,230,אוסטרלי,בן שיח,נדיר,בתי-גידול מופרעים-מופרים,גדל רק בבתי-גידול שנוצרו או עוצבו על ידי האדם,1,0,0, 
ליפיה זוחלת,231,טרופי - ים-תיכוני - אירו-סיבירי,עשב רב שנתי,נדיר מאוד,בתי גידול לחים,"בערך חצי בבתי-גידול טבעיים , וחצי בקרבת האדם",0,0,0, 
לכיד הנחלים,232,רב-אזורי - טרופי,חד שנתי,נדיר,"בתי-גידול מופרעים-מופרים, שטחים מעובדים (עשבים רעים)","בעיקר בקרבת האדם, אך גם בבתי-גידול טבעיים",1,0,0, 
לנטנה ססגונית,233,פליט תרבות,שיח,נדיר מאוד,שטחים מעובדים (עשבים רעים),גדל רק בבתי-גידול שנוצרו או עוצבו על ידי האדם,1,0,0, 
לענת המדבר,234,אירנו-טורני,בן שיח,נפוץ,ערבות-שיחים,גדל בבתי-גידול טבעיים בלבד,0,0,0, 
לפופית כפנית,235,טרופי,עשב רב שנתי,נדיר מאוד,בתי-גידול מופרעים-מופרים,גדל רק בבתי-גידול שנוצרו או עוצבו על ידי האדם,1,0,0, 
לפתית מצויה,236,ים-תיכוני - אירנו-טורני,חד שנתי,מצוי,"בתות, בתי-גידול מופרעים-מופרים","בעיקר בבתי-גידול טבעיים , אך גם בקרבת האדם",0,0,0, 
לשון-פר מצרית,237,סהרו-ערבי,חד שנתי,מצוי,"בתות, מדבר, ערבות-שיחים",גדל בבתי-גידול טבעיים בלבד,0,0,0, 
לשון-פר סמורה,238,ים-תיכוני - אירנו-טורני,עשב רב שנתי,מצוי,בתות,"בעיקר בבתי-גידול טבעיים , אך גם בקרבת האדם",0,0,0, 
לשישית הבוצין,239,ים-תיכוני - אירנו-טורני,חד שנתי,מצוי,בתי-גידול מופרעים-מופרים,"בעיקר בבתי-גידול טבעיים , אך גם בקרבת האדם",0,0,0, 
לשישית הצבעים,240,ים-תיכוני - אירנו-טורני,חד שנתי,מצוי,בתי-גידול מופרעים-מופרים,"בעיקר בבתי-גידול טבעיים , אך גם בקרבת האדם",0,0,0, 
מאירית קצרת-עלים,241,אוסטרלי,בן שיח,נדיר,בתי-גידול מופרעים-מופרים,גדל רק בבתי-גידול שנוצרו או עוצבו על ידי האדם,1,0,0, 
מגלית גדולת-פרחים,242,ים-תיכוני - אירנו-טורני,חד שנתי,נדיר,בתות,"בעיקר בבתי-גידול טבעיים , אך גם בקרבת האדם",0,0,0, 
מוצית קוצנית,243,ים-תיכוני,עשב רב שנתי,נפוץ,בתות,גדל בבתי-גידול טבעיים בלבד,0,0,0, 
מוצנית קטנת-פרחים,244,סהרו-ערבי,חד שנתי,נפוץ,"חולות, מדבר, ערבות-שיחים",גדל בבתי-גידול טבעיים בלבד,0,0,0, 
מחטנית משובלת,245,סהרו-ערבי,חד שנתי,מצוי,חולות,גדל בבתי-גידול טבעיים בלבד,0,0,0, 
מחרוזת משונצת,246,סהרו-ערבי,חד שנתי,מצוי,"מדבר, ערבות-שיחים, קרקעות עשירות בנוטריינטים, רודרליים","בעיקר בבתי-גידול טבעיים , אך גם בקרבת האדם",0,0,0, 
מלוח הענבות,247,אוסטרלי,בן שיח,מצוי,בתי-גידול מופרעים-מופרים,גדל רק בבתי-גידול שנוצרו או עוצבו על ידי האדם,0,0,0, 
מלוח מלבין,248,אירנו-טורני - סהרו-ערבי,בן שיח,מצוי,"בתי-גידול מופרעים-מופרים, מדבר, קרקעות מלוחות","בערך חצי בבתי-גידול טבעיים , וחצי בקרבת האדם",0,0,0, 
מלוח מפושק,249,אירו-סיבירי - ים-תיכוני - אירנו-טורני,חד שנתי,נדיר מאוד,"בתי גידול לחים, בתי-גידול מופרעים-מופרים, קרקעות מלוחות",גדל בבתי-גידול טבעיים בלבד,0,0,0, 
מלוח ספוגי,250,אוסטרלי,חד שנתי,מצוי,"בתי-גידול מופרעים-מופרים, מדבר",גדל רק בבתי-גידול שנוצרו או עוצבו על ידי האדם,1,0,0, 
מלוח קטן-עלים,251,אירנו-טורני - סהרו-ערבי,בן שיח,נדיר,קרקעות מלוחות,גדל בבתי-גידול טבעיים בלבד,0,0,0, 
מלוח קיפח,252,ים-תיכוני - סהרו-ערבי,שיח,מצוי,קרקעות מלוחות,"בעיקר בבתי-גידול טבעיים , אך גם בקרבת האדם",0,0,0, 
מלחית אשונה,253,אירנו-טורני - סהרו-ערבי,בן שיח,מצוי,"מדבר, ערבות-שיחים, קרקעות מלוחות",גדל בבתי-גידול טבעיים בלבד,0,0,0, 
מלחית אשלגנית,254,רב-אזורי - טרופי,חד שנתי,מצוי,"אזור הרסס של חוף הים התיכון, מדבר, ערבות-שיחים, קרקעות מלוחות","בעיקר בקרבת האדם, אך גם בבתי-גידול טבעיים",0,0,0, 
מלחית חומה,255,סהרו-ערבי,חד שנתי,מצוי,"מדבר, ערבות-שיחים, קרקעות מלוחות","בעיקר בבתי-גידול טבעיים , אך גם בקרבת האדם",0,0,0, 
מלחית מבאישה,256,סודני,שיח,נדיר,"מדבר, תרמופיליים (צמחים אוהבי-חום)","בעיקר בקרבת האדם, אך גם בבתי-גידול טבעיים",0,0,0, 
מלעניאל ארוך,257,ים-תיכוני - אירנו-טורני,עשב רב שנתי,נדיר,מחשופים של סלעים קשים,גדל בבתי-גידול טבעיים בלבד,0,0,0, 
מלעניאל מצוי,258,אירנו-טורני - סהרו-ערבי,חד שנתי,נפוץ,"מדבר, ערבות-שיחים",גדל בבתי-גידול טבעיים בלבד,0,0,0, 
מלעניאל קטן-פרחים,259,אירנו-טורני,עשב רב שנתי,מצוי,"בתות, מחשופים של סלעים קשים",גדל בבתי-גידול טבעיים בלבד,0,0,0, 
מלענן מנוצה,260,אירנו-טורני - סהרו-ערבי,עשב רב שנתי,מצוי,חולות,גדל בבתי-גידול טבעיים בלבד,0,0,0, 
מלקולמייה אפריקנית,261,אירנו-טורני - סהרו-ערבי,חד שנתי,נדיר מאוד,ערבות-שיחים,גדל בבתי-גידול טבעיים בלבד,0,0,0, 
מנתור המדבר,262,סהרו-ערבי,חד שנתי,מצוי,"מדבר, ערבות-שיחים",גדל בבתי-גידול טבעיים בלבד,0,0,0, 
מנתור מצוי,263,ים-תיכוני - אירנו-טורני,חד שנתי,מצוי,בתות,"בעיקר בבתי-גידול טבעיים , אך גם בקרבת האדם",0,0,0, 
מנתור קטן-פרחים,264,סהרו-ערבי,חד שנתי,נדיר מאוד,"מדבר, ערבות-שיחים",גדל בבתי-גידול טבעיים בלבד,0,0,0, 
מסוריים מצויים,265,ים-תיכוני,חד שנתי,נדיר,בתות,גדל בבתי-גידול טבעיים בלבד,0,0,0, 
מסרק מזרחי,266,ים-תיכוני - אירנו-טורני,חד שנתי,נדיר מאוד,בתות,"בעיקר בבתי-גידול טבעיים , אך גם בקרבת האדם",0,0,0, 
מסרק שולמית,267,אירו-סיבירי - ים-תיכוני - אירנו-טורני,חד שנתי,נדיר מאוד,בתות,"בעיקר בבתי-גידול טבעיים , אך גם בקרבת האדם",0,0,0, 
מעוג כרתי,268,ים-תיכוני,חד שנתי,לא נמצא בנגב הצפוני,"קרקעות עשירות בנוטריינטים, רודרליים","בערך חצי בבתי-גידול טבעיים , וחצי בקרבת האדם",0,0,0, 
מצילות ארוכות-עוקץ,269,אירנו-טורני - סהרו-ערבי,גיאופיט,נפוץ,ערבות-שיחים,גדל בבתי-גידול טבעיים בלבד,0,1,0, 
מצילות מצויצות,270,ים-תיכוני - אירנו-טורני,גיאופיט,מצוי,בתות,"בעיקר בבתי-גידול טבעיים , אך גם בקרבת האדם",0,0,0, 
מצלתיים מצויות,271,ים-תיכוני - אירנו-טורני,חד שנתי,מצוי,"בתות, ערבות-שיחים","בעיקר בבתי-גידול טבעיים , אך גם בקרבת האדם",0,0,0, 
מקור-חסידה ארוך,272,ים-תיכוני - אירנו-טורני,חד שנתי,מצוי,"מדבר, ערבות-שיחים","בעיקר בבתי-גידול טבעיים , אך גם בקרבת האדם",0,0,0, 
מקור-חסידה גדול,273,ים-תיכוני,חד שנתי,מצוי,בתות,"בעיקר בבתי-גידול טבעיים , אך גם בקרבת האדם",0,0,0, 
מקור-חסידה גזור,274,אירו-סיבירי - ים-תיכוני - אירנו-טורני,חד שנתי,נדיר,בתות,"בעיקר בבתי-גידול טבעיים , אך גם בקרבת האדם",0,0,0, 
מקור-חסידה חלמיתי,275,ים-תיכוני - אירנו-טורני,חד שנתי,נדיר,"בתות, בתי-גידול מופרעים-מופרים","בעיקר בבתי-גידול טבעיים , אך גם בקרבת האדם",0,0,0, 
מקור-חסידה מדברי,276,סהרו-ערבי,חד שנתי,נדיר,"מדבר, ערבות-שיחים",גדל בבתי-גידול טבעיים בלבד,0,0,0, 
מקור-חסידה מפוצל,277,ים-תיכוני,חד שנתי,נדיר,חולות,גדל בבתי-גידול טבעיים בלבד,0,0,0, 
מקור-חסידה מצוי,278,ים-תיכוני - אירנו-טורני,חד שנתי,מצוי,בתות,"בעיקר בבתי-גידול טבעיים , אך גם בקרבת האדם",0,0,0, 
מקור-חסידה שעיר,279,סהרו-ערבי,עשב רב שנתי,נפוץ,"מדבר, ערבות-שיחים",גדל בבתי-גידול טבעיים בלבד,0,0,0, 
מרגנית השדה,280,אירו-סיבירי - ים-תיכוני - אירנו-טורני,חד שנתי,נפוץ,בתות,"בעיקר בבתי-גידול טבעיים , אך גם בקרבת האדם",0,0,0, 
מרווה ארץ-ישראלית,281,ים-תיכוני - אירנו-טורני,עשב רב שנתי,נדיר מאוד,"בתות, מחשופים של סלעים קשים",גדל בבתי-גידול טבעיים בלבד,0,0,0, 
מרווה דגולה,282,ים-תיכוני,חד שנתי,מצוי,בתות,גדל בבתי-גידול טבעיים בלבד,0,0,0, 
מרווה מלבינה,283,ים-תיכוני - אירנו-טורני,עשב רב שנתי,מצוי,בתות,גדל בבתי-גידול טבעיים בלבד,0,0,0, 
מרווה מצויה,284,ים-תיכוני,עשב רב שנתי,מצוי,בתות,"בעיקר בבתי-גידול טבעיים , אך גם בקרבת האדם",0,0,0, 
מרווה מצרית,285,סהרו-ערבי,בן שיח,מצוי,"מדבר, תרמופיליים (צמחים אוהבי-חום)",גדל בבתי-גידול טבעיים בלבד,0,0,0, 
מרווה צמירה,286,ים-תיכוני - סהרו-ערבי,בן שיח,נפוץ,ערבות-שיחים,גדל בבתי-גידול טבעיים בלבד,0,0,0, 
מרווה קוצנית,287,אירנו-טורני,עשב רב שנתי,נפוץ,ערבות-שיחים,גדל בבתי-גידול טבעיים בלבד,0,0,0, 
מרווה ריחנית,288,ים-תיכוני,בן שיח,מצוי,בתות,גדל בבתי-גידול טבעיים בלבד,0,0,1, 
מרור הגינות,289,אירו-סיבירי - ים-תיכוני - אירנו-טורני,חד שנתי,מצוי,"בתי-גידול מופרעים-מופרים, שטחים מעובדים (עשבים רעים)","בעיקר בקרבת האדם, אך גם בבתי-גידול טבעיים",0,0,0, 
מרור עדין,290,ים-תיכוני - אירנו-טורני,חד שנתי,נדיר מאוד,מחשופים של סלעים קשים,גדל בבתי-גידול טבעיים בלבד,0,0,0, 
מרמר הנגב,291,ים-תיכוני - סהרו-ערבי,בן שיח,נפוץ,"קרקעות עשירות בנוטריינטים, רודרליים","בעיקר בקרבת האדם, אך גם בבתי-גידול טבעיים",0,0,0, 
מרמר מצוי,292,ים-תיכוני - אירנו-טורני,בן שיח,מצוי,"קרקעות עשירות בנוטריינטים, רודרליים","בעיקר בקרבת האדם, אך גם בבתי-גידול טבעיים",0,0,0, 
מרקולית מצויה,293,ים-תיכוני - אירו-סיבירי,חד שנתי,לא נמצא בנגב הצפוני,בתות,"בערך חצי בבתי-גידול טבעיים , וחצי בקרבת האדם",0,0,0, 
מררית דמשקאית,294,אירנו-טורני,חד שנתי,נדיר,"מדבר, ערבות-שיחים",גדל בבתי-גידול טבעיים בלבד,0,0,0, 
מררית מצויה,295,ים-תיכוני,חד שנתי,נדיר,בתות,"בעיקר בבתי-גידול טבעיים , אך גם בקרבת האדם",0,0,0, 
משיין גליליני,296,ים-תיכוני - אירנו-טורני - סהרו-ערבי,עשב רב שנתי,נדיר,בתי גידול לחים,"בעיקר בבתי-גידול טבעיים , אך גם בקרבת האדם",0,0,0, 
משנצת קוצנית,297,ים-תיכוני,חד שנתי,נדיר,חולות,גדל בבתי-גידול טבעיים בלבד,0,0,0, 
משערת זהובה,298,ים-תיכוני - אירנו-טורני,חד שנתי,נדיר מאוד,"בתות, מדבר, ערבות-שיחים","בעיקר בבתי-גידול טבעיים , אך גם בקרבת האדם",0,0,0, 
מתנן שעיר,299,ים-תיכוני - סהרו-ערבי,שיח,נפוץ,בתות,גדל בבתי-גידול טבעיים בלבד,0,0,0, 
נואית קוצנית,300,אירנו-טורני,בן שיח,נפוץ,ערבות-שיחים,גדל בבתי-גידול טבעיים בלבד,0,0,0, 
נוניאה פלשתית,301,ים-תיכוני,חד שנתי,מצוי,בתות,"בעיקר בבתי-גידול טבעיים , אך גם בקרבת האדם",0,0,0,ישראל
נוציץ מנוצה,302, ים-תיכוני - אירנו-טורני,חד שנתי,מצוי,בתות,גדל בבתי-גידול טבעיים בלבד,0,0,0, 
נוציץ עטוף,303, ים-תיכוני - אירנו-טורני,חד שנתי,נפוץ,"מדבר, ערבות-שיחים",גדל בבתי-גידול טבעיים בלבד,0,0,0, 
נוצנית כדורית,304,ים-תיכוני,חד שנתי,מצוי,בתות,גדל בבתי-גידול טבעיים בלבד,0,0,0, 
נורית אסיה,305,ים-תיכוני,גיאופיט,מצוי,בתות,גדל בבתי-גידול טבעיים בלבד,0,0,1, 
נזמית לופתת,306,אירו-סיבירי - ים-תיכוני - אירנו-טורני,חד שנתי,מצוי,"בתות, בתי-גידול מופרעים-מופרים, קרקעות עשירות בנוטריינטים, רודרליים","בערך חצי בבתי-גידול טבעיים , וחצי בקרבת האדם",0,0,0, 
נימית ממולענת,307,ים-תיכוני - אירנו-טורני,חד שנתי,מצוי,בתות,גדל בבתי-גידול טבעיים בלבד,0,0,0, 
ניסנית דו-קרנית,308,ים-תיכוני - סהרו-ערבי,חד שנתי,מצוי,"בתות, מדבר, ערבות-שיחים","בעיקר בבתי-גידול טבעיים , אך גם בקרבת האדם",0,0,0, 
ניסנית זיפנית,309,ים-תיכוני,חד שנתי,מצוי,בתות,"בעיקר בבתי-גידול טבעיים , אך גם בקרבת האדם",0,0,0, 
נץ-חלב דק-עלים,310,אירנו-טורני - סהרו-ערבי,גיאופיט,מצוי,ערבות-שיחים,גדל בבתי-גידול טבעיים בלבד,0,0,0,ישראל וסיני
נץ-חלב צרפתי,311,ים-תיכוני - אירנו-טורני,גיאופיט,נדיר מאוד,"בתות, ערבות-שיחים","בעיקר בבתי-גידול טבעיים , אך גם בקרבת האדם",0,0,0, 
נשרן הדוחן,312,ים-תיכוני,בן שיח,מצוי,בתות,"בעיקר בבתי-גידול טבעיים , אך גם בקרבת האדם",0,0,0, 
סבונית השדות,313,ים-תיכוני,חד שנתי,מצוי,שטחים מעובדים (עשבים רעים),"בעיקר בבתי-גידול טבעיים , אך גם בקרבת האדם",0,0,0, 
סביון אביבי,314,ים-תיכוני - אירנו-טורני,חד שנתי,נדיר מאוד,"בתות, בתי-גידול מופרעים-מופרים","בערך חצי בבתי-גידול טבעיים , וחצי בקרבת האדם",0,0,0, 
סביון הערבות,315,אירנו-טורני - סהרו-ערבי,חד שנתי,נפוץ,"מדבר, ערבות-שיחים",גדל בבתי-גידול טבעיים בלבד,0,0,0, 
סולנום זיתני,316,אמריקני,חד שנתי,מצוי,שטחים מעובדים (עשבים רעים),גדל רק בבתי-גידול שנוצרו או עוצבו על ידי האדם,1,0,0, 
סולנום שחור,317,אירו-סיבירי - ים-תיכוני - אירנו-טורני,עשב רב שנתי,נדיר,"בתי-גידול מופרעים-מופרים, שטחים מעובדים (עשבים רעים)","בערך חצי בבתי-גידול טבעיים , וחצי בקרבת האדם",0,0,0, 
סולנום שעיר,318,אירו-סיבירי - ים-תיכוני - אירנו-טורני,עשב רב שנתי,מצוי,"קרקעות עשירות בנוטריינטים, רודרליים","בעיקר בקרבת האדם, אך גם בבתי-גידול טבעיים",0,0,0, 
סומקן דוקרני,319,אירנו-טורני,עשב רב שנתי,מצוי,ערבות-שיחים,גדל בבתי-גידול טבעיים בלבד,0,0,0, 
סוף מצוי,320,ים-תיכוני - אירנו-טורני - סהרו-ערבי,צמח בצה או צמח מים,מצוי,בתי גידול לחים,"בעיקר בבתי-גידול טבעיים , אך גם בקרבת האדם",0,0,0, 
סייפן התבואה,321,ים-תיכוני - אירנו-טורני,גיאופיט,נדיר,בתות,"בעיקר בבתי-גידול טבעיים , אך גם בקרבת האדם",0,0,1, 
סיסנית הבולבוסין,322,אירו-סיבירי - ים-תיכוני - אירנו-טורני,עשב רב שנתי,מצוי,בתות,"בעיקר בבתי-גידול טבעיים , אך גם בקרבת האדם",0,0,0, 
סיסנית הגינות,323,ים-תיכוני,חד שנתי,לא נמצא בנגב הצפוני,בתות,"בעיקר בקרבת האדם, אך גם בבתי-גידול טבעיים",0,0,0, 
סירה קוצנית,324,ים-תיכוני,בן שיח,מצוי,בתות,"בעיקר בבתי-גידול טבעיים , אך גם בקרבת האדם",0,0,0, 
סלק מצוי,325,אירו-סיבירי - ים-תיכוני - אירנו-טורני,חד שנתי,מצוי,"בתות, קרקעות מלוחות","בערך חצי בבתי-גידול טבעיים , וחצי בקרבת האדם",0,0,0, 
סנא ב.מ.,326,סודני,בן שיח,לא נמצא בנגב הצפוני,"מדבר, תרמופיליים (צמחים אוהבי-חום)",גדל בבתי-גידול טבעיים בלבד,1,0,0, 
סרפד הכדורים,327,אירו-סיבירי - ים-תיכוני - אירנו-טורני,חד שנתי,נדיר,"קרקעות עשירות בנוטריינטים, רודרליים","בעיקר בקרבת האדם, אך גם בבתי-גידול טבעיים",0,0,0, 
סרפד צורב,328,ים-תיכוני - אירו-סיבירי,חד שנתי,נדיר,"קרקעות עשירות בנוטריינטים, רודרליים","בעיקר בקרבת האדם, אך גם בבתי-גידול טבעיים",0,0,0, 
סתוונית הנגב,329,סהרו-ערבי,גיאופיט,מצוי,"חולות, מדבר, ערבות-שיחים",גדל בבתי-גידול טבעיים בלבד,0,0,1, 
סתוונית טוביה,330,אירנו-טורני,גיאופיט,נדיר מאוד,ערבות-שיחים,גדל בבתי-גידול טבעיים בלבד,0,0,1,ישראל וסיני
עבקנה שכיח,331,ים-תיכוני - אירנו-טורני,גיאופיט,נדיר מאוד,בתי גידול לחים,"בעיקר בבתי-גידול טבעיים , אך גם בקרבת האדם",0,0,0, 
עדעד המדבר,332,סהרו-ערבי,חד שנתי,מצוי,"מדבר, ערבות-שיחים, קרקעות מלוחות",גדל בבתי-גידול טבעיים בלבד,0,0,1, 
עדעד מאובק,333,סהרו-ערבי,בן שיח,נדיר,"מדבר, ערבות-שיחים, קרקעות מלוחות",גדל בבתי-גידול טבעיים בלבד,0,0,1, 
עולש מצוי,334,ים-תיכוני - אירנו-טורני,חד שנתי,נפוץ,בתות,"בערך חצי בבתי-גידול טבעיים , וחצי בקרבת האדם",0,0,0, 
עוקץ-עקרב אירופי,335,ים-תיכוני - אירנו-טורני,חד שנתי,מצוי,"בתי-גידול מופרעים-מופרים, ערבות-שיחים","בעיקר בקרבת האדם, אך גם בבתי-גידול טבעיים",0,0,0, 
עוקץ-עקרב אפור,336,ים-תיכוני,חד שנתי,לא נמצא בנגב הצפוני,"בתי-גידול מופרעים-מופרים, ערבות-שיחים","בעיקר בקרבת האדם, אך גם בבתי-גידול טבעיים",0,0,0, 
עוקץ-עקרב עגול-עלים,337,אירנו-טורני,בן שיח,מצוי,בתות,"בעיקר בבתי-גידול טבעיים , אך גם בקרבת האדם",0,0,0, 
עוקץ-עקרב שעיר,338,ים-תיכוני,חד שנתי,נדיר מאוד,"בתי-גידול מופרעים-מופרים, ערבות-שיחים","בעיקר בקרבת האדם, אך גם בבתי-גידול טבעיים",0,0,0, 
עוקצר מצוי,339,ים-תיכוני - אירנו-טורני,חד שנתי,מצוי,"בתות, מדבר, ערבות-שיחים","בערך חצי בבתי-גידול טבעיים , וחצי בקרבת האדם",0,0,0, 
עירית גדולה,340, ים-תיכוני,עשב רב שנתי,נפוץ,"בתות, ערבות-שיחים","בעיקר בבתי-גידול טבעיים , אך גם בקרבת האדם",0,0,0, 
עירית נבובה,341, ים-תיכוני,עשב רב שנתי,נדיר,בתות,"בעיקר בבתי-גידול טבעיים , אך גם בקרבת האדם",0,0,0, 
עירית צרת-עלים,342,סהרו-ערבי - סודני,חד שנתי,נפוץ,"מדבר, ערבות-שיחים",גדל בבתי-גידול טבעיים בלבד,0,0,0, 
עכובית הגלגל,343,אירנו-טורני,עשב רב שנתי,מצוי,"בתות, ערבות-שיחים",גדל בבתי-גידול טבעיים בלבד,0,0,1, 
עכנאי זיפני,344,סהרו-ערבי,חד שנתי,לא נמצא בנגב הצפוני,תרמופיליים (צמחים אוהבי-חום),גדל בבתי-גידול טבעיים בלבד,0,0,0, 
עכנאי יהודה,345,ים-תיכוני,חד שנתי,נדיר,"בתות, מדבר, ערבות-שיחים",גדל בבתי-גידול טבעיים בלבד,0,0,0,"ישראל, סוריה ולבנון"
עכנאי שרוע,346,ים-תיכוני,בן שיח,נפוץ,בתות,"בעיקר בבתי-גידול טבעיים , אך גם בקרבת האדם",0,0,0, 
עלקת נטויה,347,ים-תיכוני - אירנו-טורני - סהרו-ערבי,טפיל,מצוי,"מדבר, ערבות-שיחים","בעיקר בבתי-גידול טבעיים , אך גם בקרבת האדם",0,0,0, 
עפעפית אשונה,348,סהרו-ערבי,עשב רב שנתי,נדיר מאוד,"מדבר, תרמופיליים (צמחים אוהבי-חום)",גדל בבתי-גידול טבעיים בלבד,0,0,0, 
עפעפית מצרית,349,ים-תיכוני - סהרו-ערבי,בן שיח,מצוי,"בתות, מדבר",גדל בבתי-גידול טבעיים בלבד,0,0,0, 
עפעפית רבת-פרחים,350,סהרו-ערבי,בן שיח,מצוי,"מדבר, ערבות-שיחים",גדל בבתי-גידול טבעיים בלבד,0,0,0, 
ערטל מדברי,351,סהרו-ערבי,בן שיח,מצוי,"מדבר, מחשופים של סלעים קשים, ערבות-שיחים",גדל בבתי-גידול טבעיים בלבד,0,0,0, 
ערטנית השדות,352,ים-תיכוני,גיאופיט,מצוי,ערבות-שיחים,"בערך חצי בבתי-גידול טבעיים , וחצי בקרבת האדם",0,0,0, 
עשנן צפוף,353,ים-תיכוני,חד שנתי,מצוי,בתות,"בעיקר בבתי-גידול טבעיים , אך גם בקרבת האדם",0,0,0, 
עשנן קטן,354, אירו-סיבירי - ים-תיכוני - אירנו-טורני,חד שנתי,נדיר מאוד,בתות,"בעיקר בבתי-גידול טבעיים , אך גם בקרבת האדם",0,0,0, 
פגוניה רכה,355,סהרו-ערבי,בן שיח,נדיר,"מדבר, ערבות-שיחים",גדל בבתי-גידול טבעיים בלבד,0,0,0, 
פיגמית מגובששת,356,סהרו-ערבי,בן שיח,מצוי,חולות,גדל בבתי-גידול טבעיים בלבד,0,0,0, 
פילגון מדברי,357,אירנו-טורני - סהרו-ערבי,חד שנתי,מצוי,"מדבר, ערבות-שיחים",גדל בבתי-גידול טבעיים בלבד,0,0,0, 
פילגון קפוץ,358,אירנו-טורני,חד שנתי,נדיר,"בתות, ערבות-שיחים",גדל בבתי-גידול טבעיים בלבד,0,0,0, 
פיקוס השקמה,359,טרופי,עץ,לא נמצא בנגב הצפוני,בתי-גידול מופרעים-מופרים,גדל רק בבתי-גידול שנוצרו או עוצבו על ידי האדם,0,0,1, 
פיקוס התאנה,360,ים-תיכוני - אירנו-טורני,עץ,לא נמצא בנגב הצפוני,בתי גידול לחים,"בערך חצי בבתי-גידול טבעיים , וחצי בקרבת האדם",0,0,0, 
פלפלון דמוי-אלה,361,אמריקני,עץ,לא נמצא בנגב הצפוני,בתי-גידול מופרעים-מופרים,"בעיקר בקרבת האדם, אך גם בבתי-גידול טבעיים",1,0,0, 
פלפלון רך,362,אמריקני,עץ,לא נמצא בנגב הצפוני,בתי-גידול מופרעים-מופרים,גדל רק בבתי-גידול שנוצרו או עוצבו על ידי האדם,1,0,0, 
פספלון מורחב,363,אמריקני,עשב רב שנתי,נדיר,שטחים מעובדים (עשבים רעים),גדל רק בבתי-גידול שנוצרו או עוצבו על ידי האדם,0,0,0, 
פקטורית אשרסון,364,ים-תיכוני,חד שנתי,נדיר,בתות,גדל בבתי-גידול טבעיים בלבד,0,0,0, 
פרג זיפני,365,ים-תיכוני - אירנו-טורני,חד שנתי,מצוי,בתות,"בעיקר בבתי-גידול טבעיים , אך גם בקרבת האדם",0,0,0, 
פרג נחות,366,סהרו-ערבי,חד שנתי,מצוי,"מדבר, ערבות-שיחים","בעיקר בבתי-גידול טבעיים , אך גם בקרבת האדם",0,0,0, 
פרגה מקרינה,367,ים-תיכוני - אירנו-טורני,חד שנתי,נפוץ,ערבות-שיחים,"בערך חצי בבתי-גידול טבעיים , וחצי בקרבת האדם",0,0,0, 
פרסה דלת-תרמילים,368,ים-תיכוני,חד שנתי,נפוץ,בתות,גדל בבתי-גידול טבעיים בלבד,0,0,0, 
פרסטיה מצרית,369,סודני,בן שיח,נדיר מאוד,"מדבר, תרמופיליים (צמחים אוהבי-חום)",גדל בבתי-גידול טבעיים בלבד,0,0,0, 
פרע מסולסל,370,ים-תיכוני - אירנו-טורני,עשב רב שנתי,מצוי,בתות,"בערך חצי בבתי-גידול טבעיים , וחצי בקרבת האדם",0,0,0, 
פרקינסוניה שיכנית,371,אמריקני,עץ,נדיר מאוד,בתי-גידול מופרעים-מופרים,גדל רק בבתי-גידול שנוצרו או עוצבו על ידי האדם,1,0,0, 
פשתה אשונה,372,ים-תיכוני,חד שנתי,נדיר,בתות,גדל בבתי-גידול טבעיים בלבד,0,0,0, 
פשתנית מלבינה,373,אירנו-טורני,חד שנתי,נפוץ,"מדבר, ערבות-שיחים",גדל בבתי-גידול טבעיים בלבד,0,0,0, 
פשתנית ססגונית,374,סהרו-ערבי,חד שנתי,מצוי,"מדבר, ערבות-שיחים",גדל בבתי-גידול טבעיים בלבד,0,0,0, 
צבעוני המדבר,375,אירנו-טורני,גיאופיט,מצוי,ערבות-שיחים,גדל בבתי-גידול טבעיים בלבד,0,0,1,ישראל וסיני
צבר מצוי,376,אמריקני,??,??,??,,0,0,0, 
צהרון מצוי,377,ים-תיכוני - אירנו-טורני,גיאופיט,נפוץ,"בתות, מדבר, ערבות-שיחים","בעיקר בבתי-גידול טבעיים , אך גם בקרבת האדם",0,0,0, 
ציבורת ההרים,378,אירו-סיבירי - ים-תיכוני - אירנו-טורני,עשב רב שנתי,מצוי,בתות,גדל בבתי-גידול טבעיים בלבד,0,0,0, 
ציפורן יהודה,379,אירנו-טורני,עשב רב שנתי,מצוי,ערבות-שיחים,גדל בבתי-גידול טבעיים בלבד,0,0,1, 
ציפורן נקוד,380,ים-תיכוני,עשב רב שנתי,מצוי,"בתות, ערבות-שיחים","בעיקר בבתי-גידול טבעיים , אך גם בקרבת האדם",0,0,0, 
ציפורני-חתול ארץ-ישראליות,381,ים-תיכוני,חד שנתי,נדיר,בתות,גדל בבתי-גידול טבעיים בלבד,0,0,0,ישראל ולבנון
ציפורני-חתול מצויות,382,ים-תיכוני - אירנו-טורני,חד שנתי,נפוץ,"בתות, מדבר, ערבות-שיחים","בעיקר בבתי-גידול טבעיים , אך גם בקרבת האדם",0,0,0, 
ציפורנית אלכסנדרונית,383,ים-תיכוני - אירנו-טורני,חד שנתי,לא נמצא בנגב הצפוני,"בתות, מדבר, ערבות-שיחים",גדל בבתי-גידול טבעיים בלבד,0,0,0, 
ציפורנית דביקה,384,ים-תיכוני,חד שנתי,נדיר,בתי-גידול מופרעים-מופרים,גדל בבתי-גידול טבעיים בלבד,0,0,0, 
ציפורנית דקיקה,385,סודני,חד שנתי,מצוי,"בתי-גידול מופרעים-מופרים, מדבר, ערבות-שיחים","בערך חצי בבתי-גידול טבעיים , וחצי בקרבת האדם",0,0,0, 
ציפורנית מגוונת,386,ים-תיכוני,חד שנתי,מצוי,"בתות, ערבות-שיחים","בעיקר בבתי-גידול טבעיים , אך גם בקרבת האדם",0,0,0, 
ציפורנית מדברית,387,סהרו-ערבי,חד שנתי,מצוי,"מדבר, ערבות-שיחים",גדל בבתי-גידול טבעיים בלבד,0,0,0, 
ציפורנית מקופחת,388,ים-תיכוני - אירנו-טורני,חד שנתי,מצוי,"בתות, מדבר, ערבות-שיחים","בעיקר בבתי-גידול טבעיים , אך גם בקרבת האדם",0,0,0, 
צלבית ארוכת-שיבולת,389,ים-תיכוני,חד שנתי,נדיר,בתות,גדל בבתי-גידול טבעיים בלבד,0,0,0, 
צלבית עשבונית,390,ים-תיכוני,חד שנתי,נדיר,חולות,גדל בבתי-גידול טבעיים בלבד,0,0,0, 
צלע-שור חרוזה,391,אין נתונים,חד שנתי,נדיר מאוד,"בתות, שטחים מעובדים (עשבים רעים)",,0,0,0, 
צמר מפוצל,392,ים-תיכוני - אירנו-טורני,עשב רב שנתי,מצוי,בתות,גדל בבתי-גידול טבעיים בלבד,0,0,0, 
צמרנית הסלעים,393,ים-תיכוני - אירנו-טורני,בן שיח,נפוץ,מחשופים של סלעים קשים,"בעיקר בבתי-גידול טבעיים , אך גם בקרבת האדם",0,0,0, 
קדד באר-שבע,394,סהרו-ערבי,עשב רב שנתי,נפוץ,ערבות-שיחים,"בעיקר בבתי-גידול טבעיים , אך גם בקרבת האדם",0,0,0, 
קדד האנקולים,395,ים-תיכוני,חד שנתי,מצוי,בתות,"בעיקר בבתי-גידול טבעיים , אך גם בקרבת האדם",0,0,0, 
קדד הטבעות,396,סהרו-ערבי,חד שנתי,מצוי,חולות,גדל בבתי-גידול טבעיים בלבד,0,0,0, 
קדד יפה,397,סהרו-ערבי,חד שנתי,נפוץ,ערבות-שיחים,"בעיקר בבתי-גידול טבעיים , אך גם בקרבת האדם",0,0,0, 
קדד מצליב,398,ים-תיכוני - סהרו-ערבי,חד שנתי,נפוץ,"מדבר, ערבות-שיחים",גדל בבתי-גידול טבעיים בלבד,0,0,0, 
קדד נאה,399,אירנו-טורני,עשב רב שנתי,נדיר מאוד,בתות,גדל בבתי-גידול טבעיים בלבד,0,1,0, 
קדד ספרדי,400,ים-תיכוני,חד שנתי,מצוי,בתות,"בעיקר בבתי-גידול טבעיים , אך גם בקרבת האדם",0,0,0, 
קדד קדוש,401,אירנו-טורני,בן שיח,מצוי,ערבות-שיחים,גדל בבתי-גידול טבעיים בלבד,0,0,0, 
קדד קוטבי,402,אירנו-טורני - סהרו-ערבי,חד שנתי,נפוץ,"מדבר, ערבות-שיחים",גדל בבתי-גידול טבעיים בלבד,0,0,0, 
קדד שעיר,403,סהרו-ערבי,חד שנתי,מצוי,ערבות-שיחים,"בעיקר בבתי-גידול טבעיים , אך גם בקרבת האדם",0,0,0, 
קוטב מצוי,404,אירו-סיבירי - ים-תיכוני - אירנו-טורני,חד שנתי,מצוי,שטחים מעובדים (עשבים רעים),גדל רק בבתי-גידול שנוצרו או עוצבו על ידי האדם,0,0,0, 
קוכיה הודית,405,אירנו-טורני - סהרו-ערבי,חד שנתי,מצוי,שטחים מעובדים (עשבים רעים),גדל רק בבתי-גידול שנוצרו או עוצבו על ידי האדם,1,0,0, 
קורטם דק,406,ים-תיכוני,חד שנתי,נפוץ,בתות,"בערך חצי בבתי-גידול טבעיים , וחצי בקרבת האדם",0,0,0, 
קורטם מבריק,407,סהרו-ערבי,חד שנתי,מצוי,"מדבר, ערבות-שיחים",גדל בבתי-גידול טבעיים בלבד,0,0,0, 
קורנית מקורקפת,408, ים-תיכוני,בן שיח,נדיר,בתות,גדל בבתי-גידול טבעיים בלבד,0,0,1, 
קזוארינה דקיקה,409,אוסטרליה,עץ,מצוי,יער,,1,0,0, 
קזוח עקום,410,סהרו-ערבי,בן שיח,נפוץ,ערבות-שיחים,גדל בבתי-גידול טבעיים בלבד,0,0,0, 
קזוח תלת-קרני,411,סהרו-ערבי,בן שיח,נדיר מאוד,"מדבר, ערבות-שיחים",גדל בבתי-גידול טבעיים בלבד,0,0,0, 
קחוון ב.מ.,412, ים-תיכוני,חד שנתי,נדיר מאוד,בתות,"בעיקר בבתי-גידול טבעיים , אך גם בקרבת האדם",0,0,0, 
קיטה רותמית,413,ים-תיכוני,עשב רב שנתי,מצוי,בתות,"בערך חצי בבתי-גידול טבעיים , וחצי בקרבת האדם",0,0,0, 
קייצת קנדית,414,אמריקני,חד שנתי,מצוי,"בתי-גידול מופרעים-מופרים, שטחים מעובדים (עשבים רעים)",גדל רק בבתי-גידול שנוצרו או עוצבו על ידי האדם,1,0,0, 
קיפודן בלאנש,415,אירנו-טורני,עשב רב שנתי,נפוץ,"בתות, מדבר, מחשופים של סלעים קשים, ערבות-שיחים","בעיקר בבתי-גידול טבעיים , אך גם בקרבת האדם",0,0,0, 
קיפודן מצוי,416,ים-תיכוני,בן שיח,לא נמצא בנגב הצפוני,בתות,"בעיקר בבתי-גידול טבעיים , אך גם בקרבת האדם",0,0,0, 
קיצנית כרתית,417,ים-תיכוני,עשב רב שנתי,נדיר מאוד,בתות,גדל בבתי-גידול טבעיים בלבד,0,0,0, 
קיצנית צפופת-עלים,418,ים-תיכוני,עשב רב שנתי,מצוי,"בתות, מחשופים של סלעים קשים",גדל בבתי-גידול טבעיים בלבד,0,0,0, 
קיקיון מצוי,419,סובטרופי -טרופי,שיח,נדיר מאוד,בתי-גידול מופרעים-מופרים,גדל רק בבתי-גידול שנוצרו או עוצבו על ידי האדם,1,0,0, 
קנה מצוי,420,רב-אזורי - טרופי,גיאופיט,מצוי,קרקעות מלוחות,"בעיקר בבתי-גידול טבעיים , אך גם בקרבת האדם",0,0,0, 
קצח השדה,421,אירו-סיבירי - ים-תיכוני - אירנו-טורני,חד שנתי,מצוי,חולות,גדל בבתי-גידול טבעיים בלבד,0,0,0, 
קרדה דרומית,422,אירנו-טורני,חד שנתי,לא נמצא בנגב הצפוני,"מדבר, ערבות-שיחים","בעיקר בבתי-גידול טבעיים , אך גם בקרבת האדם",0,0,0, 
קרדה מכסיפה,423,ים-תיכוני,חד שנתי,נדיר,בתי-גידול מופרעים-מופרים,"בערך חצי בבתי-גידול טבעיים , וחצי בקרבת האדם",0,0,0, 
קרדריה מצויה,424,ים-תיכוני - אירנו-טורני,חד שנתי,מצוי,"בתות, ערבות-שיחים","בעיקר בקרבת האדם, אך גם בבתי-גידול טבעיים",0,0,0, 
קרדת המדבר,425,סהרו-ערבי,חד שנתי,נדיר,"מדבר, ערבות-שיחים","בעיקר בבתי-גידול טבעיים , אך גם בקרבת האדם",0,0,0, 
קרצף מבורך,426, ים-תיכוני - אירנו-טורני,חד שנתי,מצוי,"בתות, ערבות-שיחים",גדל בבתי-גידול טבעיים בלבד,0,0,0, 
רב-פרי מצוי,427, ים-תיכוני - אירו-סיבירי,חד שנתי,נדיר,*,"בעיקר בקרבת האדם, אך גם בבתי-גידול טבעיים",0,0,0, 
רגלת הגינה,428,רב-אזורי - טרופי,חד שנתי,לא נמצא בנגב הצפוני,שטחים מעובדים (עשבים רעים),גדל רק בבתי-גידול שנוצרו או עוצבו על ידי האדם,0,0,0, 
רותם המדבר,429,סהרו-ערבי,שיח,מצוי,חולות,גדל בבתי-גידול טבעיים בלבד,0,0,1, 
רימון מצוי,430,צפון פרס,עץ,??,??,,0,0,0, 
רכפה לבנה,431,ים-תיכוני - אירנו-טורני,חד שנתי,לא נמצא בנגב הצפוני,בתות,"בערך חצי בבתי-גידול טבעיים , וחצי בקרבת האדם",0,0,0, 
רכפה צהובה,432,אירו-סיבירי - ים-תיכוני - אירנו-טורני,חד שנתי,נדיר,בתות,"בערך חצי בבתי-גידול טבעיים , וחצי בקרבת האדם",0,0,0, 
רכפה קטנת-פרחים,433,סהרו-ערבי,חד שנתי,נפוץ,"מדבר, ערבות-שיחים","בעיקר בבתי-גידול טבעיים , אך גם בקרבת האדם",0,0,0, 
שבר לבן,434,אירנו-טורני - סהרו-ערבי,עשב רב שנתי,נפוץ,ערבות-שיחים,"בערך חצי בבתי-גידול טבעיים , וחצי בקרבת האדם",0,0,0, 
שברק נטוי,435,ים-תיכוני - אירנו-טורני,חד שנתי,מצוי,בתות,גדל בבתי-גידול טבעיים בלבד,0,0,0, 
שברק סיצילי,436,ים-תיכוני - אירנו-טורני - סהרו-ערבי,חד שנתי,נדיר,"מדבר, ערבות-שיחים",גדל בבתי-גידול טבעיים בלבד,0,0,0, 
שברק קצר-פרח,437,ים-תיכוני,חד שנתי,נדיר מאוד,בתות,גדל בבתי-גידול טבעיים בלבד,0,0,0, 
שום ארדל,438,ים-תיכוני - אירנו-טורני,גיאופיט,מצוי,בתות,גדל בבתי-גידול טבעיים בלבד,0,0,0, 
שום אשרסון,439,אירנו-טורני,גיאופיט,נדיר,"מדבר, ערבות-שיחים",גדל בבתי-גידול טבעיים בלבד,0,0,0, 
שום גבוה,440,ים-תיכוני - אירנו-טורני,גיאופיט,מצוי,"מדבר, ערבות-שיחים","בעיקר בבתי-גידול טבעיים , אך גם בקרבת האדם",0,0,1, 
שום האבקנים,441,ים-תיכוני - אירנו-טורני,גיאופיט,מצוי,"בתות, ערבות-שיחים",גדל בבתי-גידול טבעיים בלבד,0,0,0, 
שום הלענה,442,אירנו-טורני,גיאופיט,נדיר,ערבות-שיחים,גדל בבתי-גידול טבעיים בלבד,0,0,0, 
שום הנגב,443,אירנו-טורני,גיאופיט,נדיר,ערבות-שיחים,גדל בבתי-גידול טבעיים בלבד,0,0,0, 
שום הפטמות,444,סהרו-ערבי,גיאופיט,נדיר מאוד,חולות,גדל בבתי-גידול טבעיים בלבד,0,1,0,ישראל וסיני
שום לבנבן,445,ים-תיכוני,גיאופיט,מצוי,בתות,גדל בבתי-גידול טבעיים בלבד,0,0,0, 
שום מזרחי,446,ים-תיכוני,גיאופיט,נדיר,בתות,גדל בבתי-גידול טבעיים בלבד,0,0,0, 
שום ערבתי,447,סהרו-ערבי,גיאופיט,מצוי,בתות,גדל בבתי-גידול טבעיים בלבד,0,0,0, 
שום צנוע,448,סהרו-ערבי,גיאופיט,נדיר מאוד,מדבר,גדל בבתי-גידול טבעיים בלבד,0,0,0, 
שום קולמן,449,אירנו-טורני,גיאופיט,נדיר מאוד,ערבות-שיחים,גדל בבתי-גידול טבעיים בלבד,0,1,0, 
שום קטוע,450,ים-תיכוני,גיאופיט,מצוי,בתות,גדל בבתי-גידול טבעיים בלבד,0,0,0, 
שום שעיר,451,ים-תיכוני,גיאופיט,לא נמצא בנגב הצפוני,חורש ויער ים-תיכוני,גדל בבתי-גידול טבעיים בלבד,0,0,0, 
שומר פשוט,452,ים-תיכוני - אירנו-טורני,עשב רב שנתי,מצוי,"בתות, בתי-גידול מופרעים-מופרים","בערך חצי בבתי-גידול טבעיים , וחצי בקרבת האדם",0,0,0, 
שופרית כרתית,453,ים-תיכוני,חד שנתי,נפוץ,בתות,"בעיקר בבתי-גידול טבעיים , אך גם בקרבת האדם",0,0,0, 
שיבולת-שועל מתפרקת,454,ים-תיכוני,חד שנתי,נדיר,בתות,"בעיקר בבתי-גידול טבעיים , אך גם בקרבת האדם",0,0,0, 
שיבולת-שועל נפוצה,455,ים-תיכוני - אירנו-טורני,חד שנתי,מצוי,בתות,"בעיקר בבתי-גידול טבעיים , אך גם בקרבת האדם",0,0,0, 
שיבולת-שועל ערבתית,456,אירנו-טורני - סהרו-ערבי,חד שנתי,נפוץ,"מדבר, ערבות-שיחים","בעיקר בבתי-גידול טבעיים , אך גם בקרבת האדם",0,0,0, 
שיזף מצוי,457,סודני,עץ,מצוי,"בתי גידול לחים, מדבר, ערבות-שיחים, צומח עשבוני ים-תיכוני, תרמופיליים (צמחים אוהבי-חום)","בעיקר בבתי-גידול טבעיים , אך גם בקרבת האדם",0,0,1, 
שיח-אברהם מצוי,458,ים-תיכוני,בן שיח,נדיר מאוד,בתי גידול לחים,גדל בבתי-גידול טבעיים בלבד,0,0,1, 
שיטה חד-קרנית,459,טרופי מזרח אפריקה,עץ,מצוי,יער,,1,0,0, 
שיטה כחלחלה,460,אוסטרלי,עץ,לא נמצא בנגב הצפוני,בתי-גידול מופרעים-מופרים,גדל רק בבתי-גידול שנוצרו או עוצבו על ידי האדם,1,0,0, 
שיטה סלילנית,461,סודני,עץ,מצוי,"מדבר, תרמופיליים (צמחים אוהבי-חום)",גדל בבתי-גידול טבעיים בלבד,0,0,1, 
שיטה עגולת-הזרעים,462,אוסטרלי,עץ,לא נמצא בנגב הצפוני,בתי-גידול מופרעים-מופרים,"בעיקר בקרבת האדם, אך גם בבתי-גידול טבעיים",1,0,0, 
שיטת ויקטוריה,463,אוסטרליה,עץ,לא נפוץ בנגב הצפוני,??,,1,0,0, 
שיטת עלי-הערבה,464,אוסטרלי,עץ,נדיר,בתי-גידול מופרעים-מופרים,"בעיקר בקרבת האדם, אך גם בבתי-גידול טבעיים",1,0,0, 
שיכרון מרושת,465,אירנו-טורני,עשב רב שנתי,נפוץ,שטחים מעובדים (עשבים רעים),גדל רק בבתי-גידול שנוצרו או עוצבו על ידי האדם,0,0,0, 
שילשון ב.מ.,466, סהרו-ערבי,חד שנתי,נדיר מאוד,חולות,גדל בבתי-גידול טבעיים בלבד,0,0,0, 
שלהבית קצרת-שיניים,467,אירנו-טורני,בן שיח,מצוי,בתות,גדל בבתי-גידול טבעיים בלבד,0,0,0,ישראל וירדן
שלוחית קירחת,468,ים-תיכוני - אירנו-טורני,עשב רב שנתי,נפוץ,"חשופים של סלעים קשים, ערבות-שיחים","בעיקר בבתי-גידול טבעיים , אך גם בקרבת האדם",0,0,0, 
שלח הערבות,469,סהרו-ערבי,חד שנתי,נפוץ,"מדבר, ערבות-שיחים","בעיקר בבתי-גידול טבעיים , אך גם בקרבת האדם",0,0,0, 
שלחופן קרומי,470,ים-תיכוני,חד שנתי,לא נמצא בנגב הצפוני,בתות,גדל בבתי-גידול טבעיים בלבד,0,0,0, 
שמשון הדור,471,אירנו-טורני,בן שיח,מצוי,"בתות, ערבות-שיחים",גדל בבתי-גידול טבעיים בלבד,0,0,0, 
שמשון הנגב,472,סהרו-ערבי,בן שיח,נדיר,ערבות-שיחים,גדל בבתי-גידול טבעיים בלבד,0,0,0, 
שמשון מצוי,473,אירו-סיבירי - ים-תיכוני - אירנו-טורני,חד שנתי,מצוי,"בתות, מדבר, ערבות-שיחים","בעיקר בבתי-גידול טבעיים , אך גם בקרבת האדם",0,0,0, 
שמשון מצרי,474,ים-תיכוני - אירנו-טורני,חד שנתי,נדיר,בתות,גדל בבתי-גידול טבעיים בלבד,0,0,0, 
שמשון ריסני,475,ים-תיכוני,חד שנתי,מצוי,"בתות, מדבר, ערבות-שיחים",גדל בבתי-גידול טבעיים בלבד,0,0,0, 
שן-ארי שעירה,476,אירנו-טורני - סהרו-ערבי,חד שנתי,נפוץ,"מדבר, ערבות-שיחים",גדל בבתי-גידול טבעיים בלבד,0,0,0, 
שנס המדבר,477,אירנו-טורני,חד שנתי,נפוץ,"מדבר, ערבות-שיחים",גדל בבתי-גידול טבעיים בלבד,0,0,0, 
שסיע ערבי,478,אירנו-טורני - סהרו-ערבי,חד שנתי,נפוץ,"מדבר, ערבות-שיחים",גדל בבתי-גידול טבעיים בלבד,0,0,0, 
שעורת הבולבוסין,479,ים-תיכוני - אירנו-טורני,עשב רב שנתי,מצוי,בתות,גדל בבתי-גידול טבעיים בלבד,0,0,0, 
שעורת העכבר,480,ים-תיכוני - אירנו-טורני,חד שנתי,נפוץ,"בתות, קרקעות עשירות בנוטריינטים, רודרליים","בערך חצי בבתי-גידול טבעיים , וחצי בקרבת האדם",0,0,0, 
שעורת התבור,481,ים-תיכוני - אירנו-טורני,חד שנתי,מצוי,בתות,"בעיקר בבתי-גידול טבעיים , אך גם בקרבת האדם",0,0,0, 
שערור שעיר,482,ים-תיכוני,חד שנתי,מצוי,"בתות, מדבר, ערבות-שיחים","בעיקר בבתי-גידול טבעיים , אך גם בקרבת האדם",0,0,0,"ישראל, סוריה ולבנון"
שקד מצוי,483,ים-תיכוני - אירנו-טורני,עץ,לא נמצא בנגב הצפוני,חורש ויער ים-תיכוני,"בעיקר בבתי-גידול טבעיים , אך גם בקרבת האדם",0,0,1, 
שרביטן ריסני,484,סהרו-ערבי,צמח מטפס,מצוי,"חולות, מחשופים של סלעים קשים","בעיקר בבתי-גידול טבעיים , אך גם בקרבת האדם",0,0,0, 
תגית ארגמנית,485,אירנו-טורני - סהרו-ערבי,חד שנתי,מצוי,"מדבר, ערבות-שיחים",גדל בבתי-גידול טבעיים בלבד,0,0,0, 
תגית ארץ-ישראלית,486,ים-תיכוני - אירנו-טורני,חד שנתי,לא נמצא בנגב הצפוני,בתות,גדל בבתי-גידול טבעיים בלבד,0,0,0, 
תגית מצויה,487,ים-תיכוני,חד שנתי,נדיר,בתות,"בעיקר בבתי-גידול טבעיים , אך גם בקרבת האדם",0,0,0, 
תודרה סייגית,488,ים-תיכוני - אירנו-טורני,חד שנתי,מצוי,"קרקעות עשירות בנוטריינטים, רודרליים","בערך חצי בבתי-גידול טבעיים , וחצי בקרבת האדם",0,0,0, 
תלתן הארגמן,489,ים-תיכוני,חד שנתי,נדיר,בתות,גדל בבתי-גידול טבעיים בלבד,0,0,0, 
תלתן הביצות,490,אירו-סיבירי - ים-תיכוני - אירנו-טורני,עשב רב שנתי,נדיר מאוד,"בתי גידול לחים, שטחים מעובדים (עשבים רעים)","בעיקר בבתי-גידול טבעיים , אך גם בקרבת האדם",0,0,0, 
תלתן הפוך,491,ים-תיכוני - אירנו-טורני,חד שנתי,לא נמצא בנגב הצפוני,בתות,גדל בבתי-גידול טבעיים בלבד,0,0,0, 
תלתן זוחל,492,אירו-סיבירי - ים-תיכוני - אירנו-טורני,עשב רב שנתי,לא נמצא בנגב הצפוני,"בתי גידול לחים, שטחים מעובדים (עשבים רעים)","בעיקר בבתי-גידול טבעיים , אך גם בקרבת האדם",0,0,0, 
תלתן חקלאי,493,ים-תיכוני,חד שנתי,מצוי,בתות,גדל בבתי-גידול טבעיים בלבד,0,0,0, 
תלתן לביד,494,אירו-סיבירי - ים-תיכוני - אירנו-טורני,חד שנתי,נפוץ,בתות,גדל בבתי-גידול טבעיים בלבד,0,0,0, 
תלתן תריסני,495,ים-תיכוני,חד שנתי,לא נמצא בנגב הצפוני,בתות,גדל בבתי-גידול טבעיים בלבד,0,0,0, 
תמר מצוי,496,סהרו-ערבי,עץ,לא נמצא בנגב הצפוני,בתי גידול לחים,"בעיקר בבתי-גידול טבעיים , אך גם בקרבת האדם",0,0,1, 
תמריר מרוקני,497,ים-תיכוני - אירנו-טורני,חד שנתי,נפוץ,"מדבר, ערבות-שיחים",גדל בבתי-גידול טבעיים בלבד,0,0,0, 
